amount,days_since_signup,transactions_last_hour,transactions_last_day,transactions_last_week,avg_transaction_amount,suspicious_transactions_count,max_transaction_amount_day,failed_transactions_today,incoming_outgoing_ratio,is_suspicious
4823.996829921917,24,8,9,39,602.9996037402396,3,9666.996829921918,2,1.8608948728743213,0
6151.7482990736935,206,8,16,33,1537.9370747684234,0,10348.748299073693,3,0.7893766826959726,0
4846.7353248461395,157,2,9,14,538.5261472051266,0,8312.73532484614,0,2.3827006553888244,0
8752.058159112748,738,9,14,18,2917.3527197042495,1,13217.058159112748,3,2.668484912496475,0
5.918495141330828,259,1,18,33,0.7398118926663535,3,632.9184951413308,0,0.8488498088213332,0
6789.567031641315,454,7,11,49,848.6958789551644,2,9389.567031641316,3,1.661029408083341,0
4565.426523007684,323,7,10,44,913.0853046015369,4,7928.426523007684,4,4.579246638809122,0
3771.877259258232,171,5,6,37,538.8396084654617,2,5159.877259258232,1,0.8754927996314568,1
231.1861890319923,93,5,15,35,77.0620630106641,2,4537.186189031992,2,2.2329007924763977,0
3051.7718971692143,663,9,18,47,508.6286495282024,4,7367.771897169214,0,0.6445242498485196,0
808.0662672252195,61,7,18,63,89.78514080280216,1,1241.0662672252195,2,4.489473690460805,0
5056.680946787907,240,8,15,33,2528.3404733939533,4,5884.680946787907,2,0.8633004504410327,1
3296.983157048569,79,8,20,51,1648.4915785242845,0,4457.983157048569,0,0.14111461123271113,0
3049.3737795719094,140,9,9,28,762.3434448929773,2,4044.3737795719094,2,2.177262282769386,0
82.45210117127407,125,8,10,42,11.778871595896295,1,2366.452101171274,2,4.092467461102151,0
2417.645692332164,120,6,10,52,302.2057115415205,0,3438.645692332164,3,1.759429121005862,0
13860.96804106317,174,2,5,30,3465.2420102657925,0,14010.96804106317,0,1.1067652607002785,0
4493.774540093056,141,3,13,61,1497.9248466976853,1,7932.774540093056,2,3.554547173436672,0
4013.4556092348516,73,6,16,19,1337.8185364116173,3,6824.455609234852,4,3.909280355922298,0
660.5811147801815,345,7,8,30,132.1162229560363,3,3729.5811147801815,3,1.4867271600841616,0
3248.0952322616085,161,1,12,29,649.6190464523218,2,4214.0952322616085,2,4.08021466911744,0
50.48547130827602,359,9,13,55,10.097094261655204,3,1897.485471308276,0,3.5136533496370252,0
6079.635678543576,240,9,26,74,3039.817839271788,0,10472.635678543576,3,3.5922602845120486,1
3537.2807745478276,330,3,13,29,3537.2807745478276,3,5773.280774547828,2,0.7065813778313146,0
391.5042409849942,34,3,13,60,48.93803012312428,4,1308.5042409849943,1,3.1491174445987165,0
369.17593393908044,100,6,21,41,46.146991742385055,1,703.1759339390804,4,4.01149694314446,0
624.9110386827526,430,9,24,57,124.98220773655052,1,2551.9110386827524,3,1.1794047059297625,0
4461.892432056208,576,7,11,55,743.6487386760347,3,7691.892432056208,0,0.2619941268808341,0
2263.602846950037,285,6,24,41,2263.602846950037,3,2521.602846950037,4,3.5618909178673617,0
319.631215458845,80,1,18,18,63.926243091769,3,3112.631215458845,4,1.1256199364380641,1
1323.8867034091913,214,2,5,17,189.12667191559876,3,1913.8867034091913,4,1.065774429082915,0
2364.7030670586396,10,3,13,26,472.9406134117279,1,5321.703067058639,3,2.7195805557731343,0
1636.1021003152312,26,6,19,58,327.2204200630462,1,6392.102100315231,4,0.7599069828930796,0
4941.294128346588,431,4,9,30,617.6617660433235,0,6530.294128346588,0,3.698125090433292,1
28.03088728272162,297,7,24,64,3.5038609103402023,1,1472.0308872827216,4,2.81476720236863,0
3536.915297747323,101,8,20,24,442.1144122184154,4,6911.915297747323,2,0.5395855634718656,0
50.45962341345335,716,5,10,25,7.208517630493335,1,2633.4596234134533,3,2.9149532068914574,0
3492.734676641549,12,5,23,61,388.08163073794987,0,5790.7346766415485,1,3.88559070529812,0
218.99240910107673,57,6,14,26,31.28462987158239,3,3446.9924091010766,0,4.992981350663087,0
1190.5499867844528,269,0,10,41,132.2833318649392,1,5036.549986784453,0,1.2723221602656059,1
2577.8936043593644,227,4,6,31,286.432622706596,2,3423.8936043593644,2,3.338656366302384,0
4750.2519505239015,1045,3,14,18,950.0503901047803,4,5504.2519505239015,1,1.1613976597077322,1
3273.8488076371386,63,3,3,28,363.76097862634873,0,4219.848807637139,3,1.8410953419060194,0
791.880357292575,317,7,10,23,87.98670636584167,3,1811.880357292575,3,1.763212351363405,1
344.931873368998,240,5,7,18,49.27598190985686,1,3740.931873368998,2,4.153447554595069,0
4674.235998337465,697,7,17,50,1558.0786661124885,4,7997.235998337465,1,2.0957670899399066,0
4183.862984614314,141,1,18,31,697.310497435719,0,7049.862984614314,0,2.3922698395355795,0
973.1699045721252,280,9,9,55,121.64623807151565,4,4121.169904572125,3,2.4342111285318864,0
2564.182333418738,664,4,11,26,641.0455833546845,3,4038.182333418738,4,3.239365339724125,0
5915.4233712500545,418,7,21,60,1478.8558428125136,3,7025.4233712500545,1,3.4299161744037363,0
769.9890431583651,581,9,10,39,769.9890431583651,3,2148.9890431583653,1,2.364162092028286,1
2617.171283742286,192,1,7,54,373.88161196318373,0,4815.171283742286,1,4.085113321693938,0
2071.414876871157,317,3,18,20,345.2358128118595,2,4799.414876871157,3,4.971630404758756,0
7048.75574359792,217,5,16,36,2349.585247865973,4,9381.75574359792,0,4.628726119236887,0
2123.544471439317,212,2,18,52,530.8861178598293,3,4618.544471439317,4,3.2760255708500776,1
353.6333226706068,22,3,5,5,88.4083306676517,3,1280.6333226706067,3,2.3699552210437838,0
3929.2412753242907,131,7,19,53,654.8735458873817,4,8303.24127532429,4,3.4509056203217408,0
17.342859893493852,283,9,20,41,8.671429946746926,4,391.3428598934938,2,3.200262432828887,0
929.2922852851043,67,7,19,60,929.2922852851043,2,1577.2922852851043,3,2.2784402765246545,0
10599.740824075436,28,5,14,32,10599.740824075436,3,11660.740824075436,2,3.9710825899846514,0
2102.378210606082,115,0,17,26,350.39636843434704,0,6733.378210606083,1,2.1466426481766856,0
2531.7061326652884,4,1,19,66,421.9510221108814,3,6537.706132665288,4,0.5258404575881572,0
2934.419828046776,523,8,22,36,978.1399426822586,3,5194.419828046775,0,2.012158097406907,0
1131.0394125145804,115,4,5,16,377.01313750486014,1,4544.03941251458,3,3.507610465059888,0
701.8668792975648,11,8,27,41,100.26669704250925,1,5688.866879297565,2,3.492268376962894,0
1197.9002463686018,281,0,8,55,598.9501231843009,2,4466.900246368602,2,3.2291818194101825,0
3866.2180342521697,123,1,18,32,966.5545085630424,0,4115.21803425217,0,4.627080475846716,0
1555.1221409296695,285,1,10,19,172.7913489921855,1,2951.1221409296695,3,1.0035507373677723,0
2860.2019209620903,436,7,15,58,357.5252401202613,1,6046.20192096209,1,2.048914667043781,0
2976.7087902099493,22,6,6,52,425.2441128871356,2,3695.7087902099493,2,1.6871265995514,1
2411.2885781746004,180,7,17,45,2411.2885781746004,0,5732.288578174601,2,3.0811263244354685,0
1816.8508062559677,482,8,21,66,227.10635078199596,3,4935.850806255968,4,3.8304061092135018,0
5228.470940411479,242,4,10,18,1307.1177351028698,3,8173.470940411479,1,2.4693737535361038,0
9386.289604600819,347,0,10,32,2346.5724011502048,1,13621.289604600819,2,1.3250014026389134,0
773.5149453498988,286,2,5,23,257.83831511663294,4,1282.5149453498989,1,4.2907192808426915,0
1161.6546929375816,211,4,22,37,129.0727436597313,2,6034.654692937582,3,3.540160027988749,0
2729.016883257281,300,1,10,27,682.2542208143202,3,3598.016883257281,2,0.969538606076189,0
1393.8525052545144,160,3,15,41,1393.8525052545144,4,6193.852505254515,1,1.531531824008519,0
6713.894566069663,237,9,27,70,2237.9648553565544,4,10169.894566069663,4,4.907176694847342,0
1679.6991522629849,490,4,17,55,239.95702175185497,4,2735.699152262985,1,4.597387190937066,0
1093.07295754974,516,5,7,15,182.17882625829,2,2135.07295754974,0,2.6564929051946926,1
1243.4180619100189,59,0,8,33,1243.4180619100189,0,5633.418061910019,2,3.8499804653122918,0
636.8655047629371,102,4,20,39,636.8655047629371,0,3268.8655047629372,2,3.797287346555187,0
449.0349830831387,644,4,10,41,224.51749154156934,3,977.0349830831387,4,3.3106147039072216,0
1973.0073047409044,53,6,6,29,394.6014609481809,3,5295.007304740904,4,2.058138108572787,0
5739.806261708447,142,7,23,66,819.9723231012067,1,7686.806261708447,0,3.4242415175640346,0
948.0339400207415,375,1,14,62,474.01697001037076,4,2506.0339400207413,4,0.4846733807830581,1
5455.064494363389,430,2,6,37,606.1182771514876,2,8826.064494363389,0,0.5103273127679626,0
1799.59508850181,481,3,7,39,599.8650295006033,1,3705.59508850181,1,4.2018902011703725,0
1543.8050426188488,408,6,23,70,257.3008404364748,3,5580.805042618849,1,4.537782009794885,0
8981.933896970817,380,5,18,44,1283.133413852974,3,10873.933896970817,3,1.0367372710768683,0
741.8751721209973,758,8,13,48,92.73439651512466,4,5634.875172120997,4,0.829904158127215,0
789.6320497703292,456,7,9,54,394.8160248851646,2,5691.632049770329,4,2.972850653205781,0
2118.1018874251236,453,6,18,42,706.0339624750412,1,2583.1018874251236,1,2.0405629022902,0
3354.195806860757,8,2,3,39,479.1708295515367,1,4314.195806860756,3,3.71195576721457,1
1461.9025291384569,99,7,18,40,243.65042152307615,2,4488.902529138457,1,4.255573839228889,0
4353.600143334085,616,7,16,46,1451.2000477780284,3,7675.600143334085,4,4.810098711572711,0
5100.753930813175,42,4,15,30,2550.3769654065877,4,6640.753930813175,2,3.6110269695125927,1
662.1082086838746,30,1,9,27,220.7027362279582,2,3205.1082086838746,4,4.175550036427578,0
401.71648429453984,164,6,24,31,44.63516492161554,3,4019.71648429454,4,3.0255624685049654,0
8590.566561955118,56,2,21,52,1431.7610936591864,1,12513.566561955118,1,3.7257295800648316,0
1008.6205926386136,106,2,18,49,144.08865609123052,3,4008.6205926386137,3,4.222054737826866,0
9240.760330048151,114,9,13,24,3080.253443349384,2,13819.760330048151,0,3.4140555532153005,0
1979.1592980029332,243,7,14,20,329.8598830004889,2,6902.159298002933,4,0.7119819071310179,0
6355.783540006343,267,2,2,37,1059.2972566677238,2,6817.783540006343,3,3.174405995225258,0
1328.8648756343912,86,2,20,34,332.2162189085978,3,5298.864875634391,0,3.621667862811242,1
2914.8344931825673,337,7,14,34,416.4049275975096,3,5133.834493182567,2,1.0544645001533026,0
604.5475713448003,420,4,14,19,302.27378567240015,3,2509.5475713448004,1,0.3940111050592676,0
4675.927076388184,41,5,6,30,667.9895823411691,3,6664.927076388184,1,2.2540127904086926,0
4832.020579927437,408,5,11,48,604.0025724909297,3,9162.020579927437,3,4.131482163535048,0
4180.899803475824,125,5,19,31,696.8166339126374,2,9032.899803475824,1,0.33605457776876335,0
2093.7375876991086,268,6,6,26,348.9562646165181,3,6552.737587699108,0,4.488220483590082,0
96.94877461312069,433,3,21,49,32.31625820437356,0,1753.9487746131208,2,4.840773740234594,0
578.6998511076306,254,5,19,31,144.67496277690765,0,3100.699851107631,1,0.47549979413521426,0
4922.0268285951315,602,8,14,50,984.4053657190263,0,6835.0268285951315,1,4.2839233052188055,0
722.0170715206251,141,5,21,30,722.0170715206251,0,2167.017071520625,1,2.9805448113609736,0
2087.6102065810546,300,1,9,52,347.9350344301758,4,4506.610206581055,4,3.3215397448897344,1
4426.334939329188,253,1,17,44,632.3335627613126,0,5896.334939329188,0,4.459561038113451,0
290.8010892050888,266,7,23,50,290.8010892050888,2,2242.801089205089,0,1.6778480571119854,0
3689.717221711937,99,1,4,5,737.9434443423874,4,5786.717221711937,2,2.152918700374483,0
2644.8917964049583,263,1,2,41,2644.8917964049583,2,3497.8917964049583,2,2.685620838960971,0
8794.023647381258,361,7,26,58,2198.5059118453146,2,11810.023647381258,0,4.572571700769819,0
3159.2241849890097,529,0,5,6,1053.0747283296698,2,6756.22418498901,1,2.1453826400008,0
3848.081931316308,379,8,26,58,481.0102414145385,1,8712.081931316308,3,2.2815518459054855,0
549.2780458908001,69,9,16,31,137.31951147270001,4,5369.2780458908,2,0.7342023317415295,1
4545.076401912508,217,1,4,30,1515.0254673041693,0,8900.076401912509,1,3.016882404482814,0
5081.820972274424,54,8,14,41,5081.820972274424,4,8303.820972274425,4,0.3638292449457956,0
3031.789861132973,413,0,16,33,378.9737326416216,2,3735.789861132973,2,3.3432449631962617,0
1319.5274623143087,18,0,16,22,263.90549246286173,0,3946.5274623143087,3,2.967526987742481,0
3501.292435250399,200,6,25,73,389.03249280559993,3,7765.2924352504,1,0.6896275787080296,0
7120.258220910013,696,3,8,9,1780.0645552275032,3,10708.258220910013,0,3.246194311385738,0
2777.094102040994,238,0,1,9,462.84901700683236,0,6145.094102040994,2,4.216218115559478,0
175.35414042511962,109,3,22,54,87.67707021255981,4,2806.3541404251196,2,4.086130298703806,0
1535.7122182665867,272,4,10,51,511.9040727555289,4,5166.712218266586,4,2.677827557656466,0
2032.6334994049953,221,4,6,17,677.5444998016651,2,4430.633499404996,4,0.21657610536676972,0
243.21467379535233,460,9,10,48,48.642934759070464,1,1288.2146737953524,4,4.02866055081346,0
346.4820109989664,41,8,26,58,49.49743014270949,3,3846.4820109989664,4,4.146318359960995,0
1703.173756830207,12,6,21,64,851.5868784151035,3,5257.173756830207,1,3.762635389885156,0
2067.377099607988,287,8,21,57,344.56284993466465,4,2919.377099607988,1,3.301984917653536,0
10081.99562365191,312,0,8,9,5040.997811825955,2,11712.99562365191,2,1.4799398596843818,0
480.6777559390657,403,0,3,28,160.22591864635524,2,4115.677755939066,2,4.600583401568994,0
4638.981901691484,668,5,23,46,773.1636502819141,4,5852.981901691484,3,4.887192245312203,0
1700.8576583904514,364,7,9,41,283.4762763984086,3,5388.857658390451,2,3.2658924492929566,0
4777.46942714366,87,9,26,66,530.8299363492956,2,5660.46942714366,3,2.2902504718651047,1
22.238348777962607,444,6,6,37,11.119174388981303,0,3009.2383487779625,0,4.339796413420308,0
7366.449887081505,172,5,7,44,1052.3499838687865,2,11223.449887081504,0,0.5325254860145929,0
7305.408399467631,15,8,27,38,913.1760499334539,2,10353.408399467631,0,2.2880228966889606,1
3290.8250000551766,115,0,2,8,411.3531250068971,4,4371.825000055176,1,2.5679867118817628,0
934.8186613684396,449,9,21,63,934.8186613684396,1,4018.8186613684397,1,3.9964079993816504,0
3576.0987330067605,232,0,17,46,397.3443036674178,2,4035.0987330067605,4,1.5033141540910115,0
6905.7018231354805,202,0,3,24,6905.7018231354805,0,11692.701823135481,4,1.2953974481410118,0
56.792482041249244,237,7,22,24,7.0990602551561555,0,485.79248204124923,3,4.5651422605349135,0
333.30398371643423,607,4,5,9,37.03377596849269,4,1499.3039837164342,3,3.420632429579997,1
7994.388115882503,419,6,6,44,999.2985144853129,2,10362.388115882502,0,0.8361917740307739,0
41.45078142951293,182,0,15,60,5.181347678689116,1,4866.450781429513,4,3.1854587916375454,0
3869.621760439383,908,7,22,48,429.9579733821536,3,4730.621760439382,4,4.263235200365204,0
4737.3151672209515,250,1,19,68,1579.105055740317,0,7017.3151672209515,0,2.0048058248421166,0
4099.920401356624,362,9,21,64,2049.960200678312,2,8377.920401356623,3,3.16522012451146,0
7393.453861793333,493,0,1,33,2464.484620597778,0,10331.453861793332,0,3.4827660358160406,0
4292.417381356275,671,0,10,26,536.5521726695343,3,8478.417381356274,2,3.426088768009701,0
2767.9429639061977,102,7,10,47,1383.9714819530989,1,7338.942963906198,0,0.6669683085594555,0
83.60967323871748,285,6,9,54,41.80483661935874,1,4237.609673238718,2,0.6493832159015462,0
242.204764575389,310,3,18,57,30.275595571923624,3,4183.204764575389,2,4.352583551477046,0
116.43921966229036,480,9,20,26,23.28784393245807,2,2186.4392196622903,1,2.0887893388330423,0
5392.13348591779,40,4,8,13,599.1259428797543,1,5960.13348591779,3,0.34200461740218424,0
4871.010601884394,48,7,21,42,541.2234002093771,4,7955.010601884394,2,2.4859534370591785,0
892.2698373708092,659,6,12,53,223.0674593427023,3,5117.269837370809,1,3.8196700325387583,0
6106.4621704114015,313,0,2,25,2035.4873901371338,1,8307.462170411402,4,4.927211809965931,0
636.0522253788085,459,4,14,58,79.50652817235107,0,2731.0522253788085,1,1.795689918903298,0
5086.446534103563,871,3,22,51,565.160726011507,4,8712.446534103563,3,2.2093599930034706,0
1683.0620774506215,456,6,23,43,187.0068974945135,4,3594.0620774506215,2,0.7778625382255306,0
3201.634923650012,41,3,18,33,3201.634923650012,2,5383.634923650012,1,3.790854907482612,0
7056.0095717868735,224,1,5,30,2352.0031905956243,2,7478.0095717868735,2,4.998654111947321,0
5508.922007759988,743,8,10,41,688.6152509699986,4,6102.922007759988,0,3.382662719249322,0
808.5044177196623,194,5,5,5,404.25220885983117,2,3350.5044177196623,3,4.572996158115823,0
4016.820643248671,667,8,22,32,2008.4103216243354,2,5146.820643248671,0,1.8233426073935128,0
2078.4824383942814,374,0,1,36,1039.2412191971407,3,5427.482438394281,2,1.8893250933955406,0
3520.8116323985914,213,7,20,35,440.10145404982393,3,7002.811632398591,3,0.34995755522715644,0
1852.2992695450773,227,9,11,11,1852.2992695450773,1,4436.299269545078,3,3.7056085790513213,0
2791.1864682685587,770,3,13,41,558.2372936537117,3,5867.186468268559,3,1.1117120512395335,0
4119.710277793107,598,7,7,11,1373.2367592643689,3,5768.710277793107,2,3.637205218120678,1
336.12148259337675,183,1,7,41,48.01735465619668,3,1195.1214825933766,3,0.4606449958958315,0
1356.9707432326431,133,3,8,42,678.4853716163216,4,6009.970743232643,0,2.019160576900345,0
4159.017081712877,194,9,15,37,693.1695136188129,2,7367.017081712877,4,4.425649017786188,0
807.8951026024035,319,7,22,66,807.8951026024035,1,2312.8951026024033,1,2.4887347360555134,0
2069.376926780027,503,5,21,41,1034.6884633900136,2,2612.376926780027,2,0.5230388325429564,0
1844.482728246494,228,5,13,24,230.56034103081174,2,3479.482728246494,2,0.38792321110494254,0
1248.8724147533492,5,6,14,19,416.2908049177831,0,5344.872414753349,0,3.1080538088334206,1
5985.405696899326,61,7,25,58,1496.3514242248316,3,7735.405696899326,1,2.949692395983039,0
6890.777560290774,231,6,10,55,1148.462926715129,3,8942.777560290775,1,2.178328752644639,0
1026.4375351929687,149,4,16,61,205.28750703859373,2,4761.437535192968,2,4.05493442604179,0
1428.8147316714421,183,2,13,42,238.13578861190703,2,4047.814731671442,3,4.987495186466603,0
5327.364996755742,267,6,14,20,2663.682498377871,0,6534.364996755742,0,2.007121232489458,0
2377.290129716218,717,3,19,33,297.16126621452725,4,2950.290129716218,0,1.5843885742570583,0
2346.7485051780345,202,9,23,61,469.3497010356069,4,3586.7485051780345,1,4.752901871770775,0
1714.9983839762351,237,9,22,24,244.99976913946216,0,3240.9983839762353,0,1.9228534070048948,0
2705.9868933853472,130,1,18,48,676.4967233463368,3,3801.9868933853472,3,1.6439899286662012,0
1470.9233581230308,467,9,20,29,245.15389302050514,0,3697.923358123031,4,0.3953469023205779,0
1831.8917359096997,15,2,19,67,305.3152893182833,1,1962.8917359096997,3,2.047301362175302,0
2485.8226712647,577,4,7,54,310.7278339080875,4,5601.8226712647,3,0.8900986227247294,0
669.83893442782,426,9,19,32,111.63982240463667,1,5419.83893442782,2,0.4074078705139744,0
981.7769970724419,151,9,19,58,981.7769970724419,2,5452.776997072442,0,3.531466530711295,0
6033.966026141992,262,3,13,16,1005.6610043569987,0,9623.966026141992,0,1.5798929230114351,0
2137.1414307404675,133,2,10,47,356.19023845674457,4,3335.1414307404675,3,3.32642465476596,0
7347.792018749473,456,6,9,22,2449.2640062498244,0,9644.792018749473,1,4.994523606017326,0
2678.2503186934564,240,0,2,30,535.6500637386913,2,3400.2503186934564,2,4.847460005169353,0
4760.143198886801,269,9,17,51,793.3571998144668,4,5192.143198886801,2,4.163459719254145,0
3482.374163606346,231,2,19,45,580.395693934391,3,6686.374163606346,3,2.711748479608538,0
4370.764957447169,243,8,19,58,1456.9216524823896,1,6400.764957447169,2,3.982963037201192,0
5791.716141169022,284,3,14,41,1158.3432282338044,3,6673.716141169022,0,2.124292240559041,0
1103.5509024752787,603,0,14,39,157.6501289250398,1,4709.550902475279,3,2.7291686993242488,0
2888.038623985914,308,2,9,49,577.6077247971828,4,4622.0386239859145,1,1.6025060575939383,0
1221.6739638506467,499,2,3,45,610.8369819253234,3,3703.673963850647,2,1.9573141402376406,0
4346.203950982284,147,7,8,31,543.2754938727855,4,4992.203950982284,3,0.39232316428744474,1
1748.7963544143756,747,5,14,26,349.7592708828751,4,5148.796354414376,3,1.1903363170271202,0
4113.6532365535995,116,9,21,49,587.6647480790856,4,4826.6532365535995,0,2.171631802537541,0
18.884264448251738,349,3,12,33,2.3605330560314672,2,3230.8842644482515,2,0.34713819497212706,0
706.4219424619765,304,7,25,70,706.4219424619765,2,3568.4219424619764,2,4.721859759733305,1
161.6763166398827,8,7,17,62,80.83815831994136,0,3711.6763166398828,2,1.8037864290736831,0
1567.0214036429313,54,3,11,30,261.1702339404886,1,4297.021403642932,1,3.5050933930302564,1
1604.43604947968,807,4,12,33,401.10901236992,1,1824.43604947968,0,3.5177750100232013,0
3921.0953436495884,31,3,3,27,784.2190687299177,2,8866.095343649587,3,0.1833895493624831,0
1851.4304623575279,245,9,26,62,1851.4304623575279,2,2006.4304623575279,1,1.6895480555796718,0
989.7933325246245,431,9,20,56,197.9586665049249,0,2531.7933325246245,0,1.0654415971614086,0
2205.517290334124,436,4,16,46,551.379322583531,4,2600.517290334124,4,1.6830895750644879,0
1938.6459761564445,250,6,15,40,276.9494251652064,2,2264.6459761564447,1,2.6168469256866427,0
11655.327436103149,672,4,11,40,1295.0363817892387,3,12825.327436103149,0,1.6336881548244337,0
5613.177579858278,278,0,10,38,2806.588789929139,3,9740.177579858278,4,2.2989089374196205,0
4535.571952461177,312,9,20,68,566.9464940576471,2,8439.571952461178,1,0.5654943107017143,0
274.2516289905441,314,1,20,67,45.70860483175735,0,4066.2516289905443,0,0.9227757887872646,0
2789.379997105256,320,0,1,38,348.672499638157,0,4002.379997105256,3,1.5359127636951917,0
10095.942499538087,249,7,17,65,1121.7713888375652,4,13704.942499538087,1,0.25311124354707404,0
3186.6638403955717,139,8,11,37,455.23769148508165,4,4784.663840395571,3,0.2992404796270141,0
2008.2583067017315,753,1,9,12,502.0645766754329,0,2662.2583067017313,4,3.717593496695006,0
374.84174968778603,651,8,21,25,46.855218710973254,3,4294.841749687786,1,4.021796594507145,0
2981.5037092240195,525,2,11,28,993.8345697413398,0,6494.50370922402,4,1.1971159754064034,0
1193.5206345698946,231,2,16,26,170.5029477956992,1,2194.5206345698944,1,1.2781014196521558,0
5091.753922586068,222,1,19,46,1272.938480646517,4,5503.753922586068,0,4.330297535620521,0
39.865986202094184,232,6,7,19,4.4295540224549095,3,1641.8659862020943,1,2.555935103249853,0
6330.594455988715,168,8,8,14,703.3993839987461,2,8314.594455988714,4,2.7950556834154665,0
6683.939486801575,52,2,10,13,3341.9697434007876,1,8318.939486801575,4,0.7922068925387036,0
288.09516929239726,457,3,8,26,288.09516929239726,1,1714.0951692923973,0,1.2060789304336408,0
1944.6301593287335,261,3,8,8,972.3150796643667,4,6722.6301593287335,3,4.809732442650091,0
10518.079501594846,45,1,13,54,1168.675500177205,4,13665.079501594846,2,2.8252319280569465,0
5147.418117657862,956,4,11,46,5147.418117657862,2,8078.418117657862,3,1.0008998555856754,0
6625.835731763324,312,9,15,54,1325.1671463526648,2,8036.835731763324,1,2.763588210362729,0
1418.8781166414954,250,4,20,47,157.65312407127726,1,2479.8781166414956,0,2.809890226459394,0
7836.272888663205,409,9,26,58,7836.272888663205,2,10780.272888663205,4,3.291262169140355,0
5554.591977965038,407,9,11,18,617.1768864405598,0,7435.591977965038,3,4.2098960150641505,0
2536.3460413373755,616,2,15,36,317.04325516717194,3,4137.346041337376,2,2.7761377715746147,1
9205.0079554757,229,1,20,37,1022.7786617195221,4,11093.0079554757,2,3.0416758376642554,0
2963.5678539843357,384,0,19,58,2963.5678539843357,2,7060.567853984336,4,0.16984882088664224,0
1820.2586695357431,354,2,14,62,1820.2586695357431,1,3718.258669535743,1,3.892079418858691,0
5527.099988409172,438,2,11,50,2763.549994204586,2,7117.099988409172,4,4.473659227292739,0
3159.06659606438,76,3,4,7,1053.0221986881268,0,5373.06659606438,3,1.8289505275031528,0
7491.905799574278,417,6,19,43,1872.9764498935695,2,10975.905799574277,4,4.45821943224747,0
9775.490119499229,631,1,1,5,9775.490119499229,4,12898.490119499229,3,2.1860675893141486,0
8768.31523473209,115,5,18,23,1252.6164621045843,4,9079.31523473209,0,2.0758265848406787,0
4701.950697500047,127,7,23,70,671.7072425000067,1,6981.950697500047,2,3.4754239704735275,0
2554.190576152057,457,2,20,47,510.8381152304114,2,3808.190576152057,0,0.9163926150141247,0
1760.3149109245433,182,5,19,67,220.0393638655679,0,4906.314910924543,2,4.859940376134865,0
1890.9964875152145,118,5,16,32,270.14235535931635,3,5838.9964875152145,2,1.262035866748126,0
1583.926755337906,126,7,22,58,197.99084441723824,3,1984.926755337906,1,1.9159808078852583,0
4746.553427455964,402,0,8,47,527.3948252728849,3,7649.553427455964,4,2.456927680982804,0
5706.37705160843,4,2,3,22,713.2971314510537,4,6626.37705160843,4,1.1161767616332716,0
3732.1918884375027,179,1,6,7,622.0319814062505,0,8576.191888437503,4,3.408885810320587,0
2147.216944316253,362,5,10,50,2147.216944316253,2,4511.216944316253,0,0.882680016320101,1
288.39329463311446,284,9,24,41,32.04369940367938,3,1969.3932946331145,0,4.490742416939912,1
5078.410337371266,282,1,14,20,1269.6025843428165,2,7882.410337371266,1,1.7015311450333008,1
9155.384459664836,30,2,10,41,9155.384459664836,2,13907.384459664836,4,3.377555471844141,0
2693.9309080041303,560,3,20,49,448.98848466735507,0,5377.93090800413,2,1.7190084986896932,1
5072.022594427475,446,3,13,38,845.3370990712459,3,10051.022594427475,0,4.146546560739135,0
1737.1765098417259,92,9,24,53,434.29412746043147,4,3910.176509841726,0,3.447875573527759,0
1733.6885682185782,321,6,16,24,216.71107102732228,0,1856.6885682185782,2,4.2238801605437875,0
2287.1641728948453,126,6,24,33,285.89552161185566,3,5277.164172894845,0,3.5174278344578815,0
389.48906424771764,544,3,4,26,77.89781284954353,0,2530.4890642477176,4,4.193522837441963,0
4134.25010149119,83,2,18,54,4134.25010149119,4,7349.25010149119,1,0.31013694963854466,0
275.6234000041457,386,2,18,38,30.624822222682855,1,3717.623400004146,3,1.8885965539374725,0
528.8005621933453,5,9,27,50,105.76011243866905,0,2815.8005621933453,4,1.4667376317901368,0
5385.740581771238,313,9,25,68,598.4156201968042,2,6107.740581771238,2,2.5405319947877367,0
1166.3547913702967,363,6,15,38,166.62211305289952,3,1351.3547913702967,0,0.409907861017611,0
804.2269889466771,546,4,6,24,402.11349447333856,1,915.2269889466771,4,3.377112521604762,0
1391.997869600945,334,5,15,60,347.99946740023626,1,5157.997869600945,3,1.102309633056728,0
1835.5976954962387,326,8,8,48,305.9329492493731,4,3615.597695496239,4,1.5360553624132718,0
1540.742577481617,82,1,14,19,308.1485154963234,2,3342.742577481617,4,3.763010412913509,0
6565.052682733894,363,5,17,42,1313.0105365467787,1,11086.052682733894,4,2.038684029554716,0
163.0403754152986,215,9,20,37,20.380046926912325,2,823.0403754152986,3,2.4298980376540555,0
2592.5597456582163,420,0,14,24,518.5119491316433,3,4400.559745658216,1,3.4943868204066333,0
1651.725959041806,248,8,16,61,330.34519180836116,4,4380.725959041806,1,0.2277760585941613,0
5166.012887529661,82,8,24,25,2583.0064437648307,3,6607.012887529661,4,3.5647934665035454,0
7411.038471720174,470,5,21,53,2470.346157240058,2,7879.038471720174,0,4.744039726649748,0
7454.632605965232,466,5,18,53,828.2925117739146,4,10586.632605965231,0,3.3540804343582944,1
3140.267588742652,566,0,7,8,448.60965553466457,1,5580.267588742652,3,3.045700599627498,0
1746.8542550323039,316,3,12,52,291.1423758387173,1,5637.854255032304,2,2.483488821305295,0
1915.543153262633,346,6,18,29,383.1086306525266,1,5736.5431532626335,3,4.762164197861014,0
1262.3817573668384,402,3,6,45,1262.3817573668384,4,4222.381757366838,3,2.1876743955760096,0
148.87474478262303,248,0,18,21,49.624914927541006,4,1222.874744782623,0,1.2619040437829647,1
1643.2279715062214,559,3,16,50,182.58088572291348,4,5058.227971506221,3,4.388551909388326,0
153.45376753463864,217,5,15,37,17.05041861495985,4,2247.4537675346387,0,4.386715662018777,0
3453.2496575910914,117,6,14,52,690.6499315182183,2,5883.249657591092,4,0.48848903708739655,0
2902.706129656137,549,9,11,42,967.568709885379,0,5958.706129656137,1,3.3270787555211605,0
4458.272877862714,495,5,21,57,495.36365309585716,4,4832.272877862714,0,3.80781178453211,0
1358.0898500389335,230,7,10,16,150.89887222654818,3,5322.089850038934,3,3.6548907608914507,1
4189.677285182654,455,4,5,51,1396.5590950608846,4,7572.677285182654,4,2.457093833354124,0
2420.752210297925,332,5,13,56,605.1880525744813,0,5605.752210297926,3,0.1321317171340279,0
1097.360410806628,402,4,7,8,548.680205403314,1,2767.360410806628,3,2.127387228610394,0
2214.2978703377385,250,6,21,23,246.03309670419316,0,4769.2978703377385,0,3.38431542756992,1
3128.1598308570406,80,2,19,37,1564.0799154285203,0,4928.159830857041,4,4.411377881736781,1
1144.3480485028888,375,4,18,56,190.72467475048146,3,5527.348048502889,3,1.041458314542397,0
2258.2815381325718,177,5,12,35,282.28519226657147,3,5299.281538132572,3,3.673357999320369,0
2560.820534400967,174,3,5,45,284.5356149334408,3,3867.820534400967,4,1.64942962518811,0
3428.2781918597716,225,2,14,34,380.91979909553015,0,5245.278191859772,4,0.7999880165676808,0
925.7959585098039,405,0,7,47,132.25656550140056,4,2470.7959585098038,4,2.6576734485326226,0
1787.5441259804945,266,4,18,59,223.44301574756182,0,2803.5441259804948,1,3.3577391765551754,0
1902.2533908787923,638,9,28,47,380.45067817575847,2,6811.253390878792,1,4.377052746828328,1
170.25606611081065,46,6,9,22,170.25606611081065,1,4846.256066110811,1,4.474614035987693,0
1775.5592930280907,262,3,15,44,1775.5592930280907,0,2817.559293028091,3,0.2641235840453059,0
10600.168761094284,216,3,19,37,1325.0210951367856,1,14654.168761094284,0,1.522487992554086,0
10408.500133198122,165,9,24,41,10408.500133198122,3,13861.500133198122,2,4.367545711660036,0
1388.1333401001086,79,9,16,40,198.3047628714441,2,3937.1333401001084,2,1.6910681693140368,0
1225.3306572308347,408,7,20,20,1225.3306572308347,1,5247.330657230835,3,1.4363241713778467,0
7354.868783938155,307,3,10,59,919.3585979922693,1,8583.868783938155,4,1.4213164886267817,0
4217.197115869294,394,7,12,37,527.1496394836618,1,6422.197115869294,1,1.6755985500144774,0
3213.0832616640014,157,7,18,50,803.2708154160003,3,6911.083261664002,0,1.8686731251678368,0
6806.97392493966,749,6,10,35,2268.99130831322,3,8039.97392493966,3,0.8383498425717165,1
2353.826951381667,122,4,7,56,1176.9134756908336,0,6516.826951381667,4,1.4869021266859856,0
567.7086280177908,26,0,2,16,94.6181046696318,3,1981.708628017791,1,4.603584747386584,0
4381.652296644949,123,6,13,50,625.9503280921356,0,8269.652296644948,0,4.521777865478515,1
5479.407187977043,832,2,2,26,1826.4690626590143,1,9678.407187977042,1,0.8226883218467563,0
6645.864404457115,286,9,13,33,1661.4661011142787,0,8312.864404457116,0,0.22986381365415376,0
652.217768989396,219,8,17,48,326.108884494698,0,3532.217768989396,2,3.5348044242497774,0
1381.081505279917,692,0,10,15,153.45350058665747,0,5366.081505279917,4,4.810559412806394,0
2595.816731545126,424,4,17,23,519.1633463090252,3,5032.8167315451265,2,1.0349235567371524,0
3061.0601391381297,485,1,19,47,340.11779323756997,1,4580.06013913813,1,0.8324957852222706,1
7926.301741506113,186,6,7,37,2642.1005805020377,0,9448.301741506113,3,4.0676921174350245,0
1082.4230843032205,39,8,21,46,120.26923158924673,0,4304.42308430322,2,1.3150780676212313,1
2169.3789659010895,986,9,10,11,1084.6894829505447,0,3361.3789659010895,3,4.937193283107812,0
1133.801169771365,131,0,0,3,283.45029244284126,0,1868.801169771365,0,1.7147753331042201,0
2446.200069933653,513,4,11,54,489.2400139867306,1,3637.200069933653,3,3.883346702668437,1
11071.547405495285,113,5,17,58,2767.886851373821,0,12496.547405495285,3,3.352055707482548,0
1100.0145401642608,161,0,0,41,220.00290803285216,4,2407.014540164261,3,4.3712238581948935,0
2704.724863513202,278,8,19,68,2704.724863513202,1,3652.724863513202,3,2.9768259615355412,0
150.27885034337967,434,4,19,23,21.468407191911382,2,330.27885034337964,3,0.947452612180725,0
844.1666906992746,315,1,3,10,93.79629896658606,1,1731.1666906992746,3,4.948484523967706,0
383.80092810430176,302,0,6,10,42.64454756714464,0,3903.800928104302,4,0.9003027881061968,0
9622.049221040781,386,0,8,17,3207.349740346927,1,13648.049221040781,3,4.471055612139947,0
774.7480615764515,7,7,12,22,154.9496123152903,2,4679.748061576452,4,1.3505934356411036,0
1186.6830604752145,487,6,9,46,237.33661209504288,1,1515.6830604752145,3,2.202016339016112,0
2841.299444700974,768,0,11,53,315.6999383001082,3,3788.299444700974,0,1.4100544959529655,0
8270.364267973197,149,0,5,10,2067.591066993299,3,10303.364267973197,1,0.525898060860413,0
10244.849114763112,207,4,14,37,1707.4748524605186,4,12373.849114763112,4,4.585398290727988,0
2053.6407031983626,39,6,20,31,1026.8203515991813,2,6484.640703198363,2,1.6986601348660129,0
1135.1687966613877,351,9,12,30,567.5843983306938,2,2069.1687966613877,2,4.2781568555792004,0
1678.5204410631814,602,3,6,53,186.50227122924238,1,3974.5204410631814,2,4.001573665311493,0
33.86709966288489,116,7,18,53,11.28903322096163,2,3777.867099662885,4,4.027052233659667,0
1416.030755837323,215,4,10,36,177.0038444796654,1,5991.030755837323,2,1.9082978948324067,0
1179.2544004300935,101,8,23,44,196.54240007168224,1,4033.2544004300935,4,0.7157333079071672,0
10663.64845567501,324,8,22,56,2132.7296911350018,4,11813.64845567501,3,0.3025456088678295,0
1088.848881632536,576,1,14,22,136.106110204067,1,3892.848881632536,2,4.081652462799032,0
10392.39517963502,573,6,25,52,5196.19758981751,0,11125.39517963502,2,0.12290644299372072,0
562.7492201647187,437,2,7,42,187.58307338823957,1,2752.7492201647187,0,2.213402296554289,1
878.0956497994819,412,3,22,56,292.6985499331606,1,2705.095649799482,4,0.7138570921228031,0
1702.2541488278475,558,8,9,27,189.13934986976085,2,2735.2541488278475,0,3.393714556107583,0
6948.76645618039,260,8,17,43,772.0851617978211,2,11133.76645618039,3,0.6756109843692747,1
1683.6233886839518,61,9,16,60,336.72467773679034,3,2453.623388683952,1,2.8882289506274503,0
9951.600196780735,578,3,18,66,2487.900049195184,3,10833.600196780735,3,2.337545694316464,0
287.10299527448,868,3,19,41,47.85049921241333,2,820.10299527448,2,1.0695604839944461,0
2015.9570319710363,385,5,22,26,671.9856773236787,1,4672.9570319710365,1,1.5017073495260786,0
2484.100676655074,379,7,18,27,276.0111862950082,2,3210.100676655074,4,2.298528712974641,0
1591.7727302419166,167,6,25,26,1591.7727302419166,2,2825.7727302419166,2,3.46257749848426,0
1753.0256925925582,358,5,15,64,350.60513851851164,2,4161.025692592559,2,2.0606906740624082,1
358.17121331316315,438,7,24,24,44.771401664145394,0,1451.1712133131632,1,2.5728324339799973,0
712.8630734799192,1130,7,21,67,178.2157683699798,3,4717.863073479919,0,1.97812779983909,0
2354.3287734318733,352,3,19,31,470.86575468637466,4,6858.328773431873,2,3.006843469968232,0
69.69987312126857,13,9,14,47,11.616645520211428,0,2652.6998731212684,2,3.8074901233955813,0
383.43788201165756,478,0,5,6,95.85947050291439,3,2125.4378820116576,1,3.010385697805294,1
8963.295852888927,66,8,19,51,1792.6591705777853,0,10111.295852888927,1,3.3937267648791627,0
1235.69872018089,871,9,27,73,137.29985779787665,0,3501.6987201808897,3,1.6551565012922373,1
1334.0161055786643,291,8,27,61,166.75201319733304,3,2118.0161055786643,2,4.876797179158482,0
909.3155889063277,184,4,19,38,303.1051963021092,3,4793.315588906327,2,2.5451494285732847,0
2778.450000745259,71,3,14,56,694.6125001863147,3,4051.450000745259,3,0.34202306302620566,1
223.63302655074088,275,7,13,30,223.63302655074088,1,3984.633026550741,3,0.8254644032701998,0
1708.2114633564424,137,6,15,38,284.70191055940705,3,3634.2114633564424,4,2.3719577473465394,0
11922.924240956621,51,0,17,25,1703.2748915652317,0,13664.924240956621,1,2.5950725005629844,1
3852.149122976725,388,4,23,25,642.0248538294542,3,6250.149122976725,0,2.5519834102916366,0
6404.552541865355,451,6,12,54,2134.850847288452,2,7870.552541865355,2,4.799739567186715,0
172.69259920066074,819,1,7,19,57.56419973355358,2,1042.6925992006607,0,2.250235324281306,0
1347.997545394247,325,2,19,59,673.9987726971235,1,4833.997545394247,0,4.955725099737279,0
1158.0453267007547,203,7,15,29,579.0226633503773,3,4819.045326700754,3,2.968068608489223,0
2098.1453000360125,0,7,11,20,2098.1453000360125,3,5267.1453000360125,1,0.146947963671002,0
2908.5289164829055,85,0,0,17,1454.2644582414528,2,4691.5289164829055,4,1.4490010665382778,0
544.4484457578872,79,6,12,60,60.49427175087635,0,1339.4484457578872,4,3.278436955224077,0
1132.8196009172498,417,5,10,37,161.8313715596071,3,5835.81960091725,3,1.8345494320606828,0
5037.223644200508,498,8,24,68,719.6033777429296,4,9549.223644200509,1,3.3570822663881836,0
4866.0278132335325,280,6,18,60,695.1468304619332,4,6978.0278132335325,0,0.6750882557293436,0
14360.89219560643,660,7,13,59,4786.9640652021435,0,18711.89219560643,4,3.9447691206046285,0
2664.3559334627803,176,4,11,45,1332.1779667313901,2,5937.355933462781,1,3.7629915753064584,0
1972.089092252425,566,1,19,21,246.51113653155312,0,3748.089092252425,4,1.041846697758566,0
5179.968418761735,127,6,23,26,863.3280697936225,2,8713.968418761735,3,3.4216323812339757,0
641.1762636811441,349,0,18,38,71.24180707568267,0,3790.176263681144,1,4.565539821358903,0
998.9796027773541,471,8,15,41,249.74490069433853,1,3853.979602777354,2,3.1754978143142534,0
671.783663054304,175,0,14,18,335.891831527152,0,5518.783663054304,4,3.1327019624768364,0
4178.055108211305,375,7,23,36,835.611021642261,0,7626.055108211305,4,4.414639838806544,0
11476.190653733644,64,0,0,24,3825.3968845778813,2,12625.190653733644,2,1.6795614904376122,0
1575.8675743619226,14,7,18,40,1575.8675743619226,2,4691.867574361922,1,3.8493778733374318,0
352.1370012703055,150,4,8,40,88.03425031757638,4,2108.1370012703055,1,1.5970921260211657,0
180.4227037965169,353,2,18,65,60.14090126550564,1,1602.422703796517,2,0.9240196921532445,0
1976.9852228684613,134,4,4,4,282.4264604097802,4,5010.985222868461,1,2.26658911181352,0
1618.642200572798,208,0,4,12,269.7737000954663,2,5538.642200572798,3,2.7016005298542205,0
2945.4014197128436,375,1,19,19,490.90023661880724,2,4596.401419712844,0,4.1394440756945965,0
1930.9644316612842,69,5,20,54,1930.9644316612842,4,3614.964431661284,0,2.794127781671382,0
1046.2287165903222,64,6,23,27,116.24763517670246,2,4550.228716590322,1,0.5276874429108289,0
3459.612460586102,102,6,21,33,576.6020767643503,3,7623.612460586102,4,3.2897111979655365,0
668.0801725323281,152,7,22,62,334.04008626616405,1,2163.080172532328,4,2.4139822355451668,0
97.90411166149033,319,3,10,40,16.317351943581723,0,212.90411166149033,4,1.589194974135335,0
1162.1709507949588,71,0,14,43,232.43419015899175,2,2854.170950794959,2,0.9476131303003005,0
1885.2582590102122,63,2,15,61,314.20970983503537,2,5971.258259010212,1,4.46934895118049,0
704.9350909900917,159,5,20,54,78.3261212211213,3,5520.935090990091,1,3.8180256005469486,0
5466.9548087468675,334,7,18,61,683.3693510933584,3,10394.954808746868,1,4.944477224989753,0
992.7815431991788,99,2,9,27,496.3907715995894,4,4750.7815431991785,0,4.7022368834776405,0
3330.226736487378,436,7,15,15,555.037789414563,2,7430.226736487378,2,3.2484964684702486,0
5773.734755679235,340,1,5,43,1154.746951135847,3,9209.734755679234,4,4.352886710977626,0
47.455771192829665,70,0,12,49,11.863942798207416,1,1447.4557711928296,1,4.7196731201047974,0
3256.56430676541,433,0,17,36,1628.282153382705,1,6954.56430676541,0,1.9925319426499117,0
6912.62550650351,211,3,7,20,1382.525101300702,2,11328.625506503511,2,4.366217351157544,0
1559.176449197259,583,5,18,40,311.8352898394518,4,3732.176449197259,1,3.9024146309441767,1
5483.33922399227,177,6,9,43,2741.669611996135,1,7910.33922399227,4,0.9668917689815973,0
2320.2815868871935,708,0,13,34,2320.2815868871935,1,5981.281586887193,2,1.0707354226656292,0
125.34539115347441,741,0,16,43,25.06907823069488,3,4010.3453911534743,2,3.626891855738007,0
1053.4875928330812,126,6,13,35,150.498227547583,4,4263.487592833081,1,0.6090699869497844,0
10954.781374348848,296,3,4,34,2190.9562748697695,2,11860.781374348848,0,4.714666934894933,0
9718.712194356607,208,3,14,41,4859.356097178304,2,10532.712194356607,2,2.134026873688524,0
2553.679507450024,72,0,16,39,851.2265024833414,1,5749.679507450024,3,0.5455642770068705,0
2714.6101858313104,300,6,7,46,1357.3050929156552,4,4107.61018583131,2,0.767082838371396,0
3683.5980357809694,1078,2,3,51,1841.7990178904847,1,7152.598035780969,3,4.905552086545319,0
795.1522633923212,233,7,10,33,265.05075446410706,3,1105.1522633923212,2,1.8406051030715427,0
390.6655912403433,163,3,14,44,97.66639781008583,3,2716.6655912403435,0,0.392828503660828,1
1492.4398169957683,133,5,23,33,746.2199084978841,0,1608.4398169957683,0,0.667734072015569,0
5280.766364116004,62,9,12,44,5280.766364116004,0,8518.766364116003,0,3.5942970845601425,0
6208.9281471551585,108,9,10,44,6208.9281471551585,0,8168.9281471551585,1,2.8643989547655813,0
2086.140326153009,272,4,23,64,695.3801087176697,2,2285.140326153009,2,4.8948514137280865,0
3524.3365319053755,67,3,11,51,1174.7788439684584,2,6870.3365319053755,1,2.9423338938580135,0
2890.2133582959104,216,4,15,21,1445.1066791479552,4,6200.21335829591,0,1.109982159289918,0
3498.328404653988,870,9,12,15,388.7031560726653,1,4120.328404653988,3,2.5904759310703596,0
3433.293421477881,68,8,14,59,490.47048878255447,4,8345.293421477882,1,3.3492443515307486,0
2348.364395854105,136,7,9,49,782.7881319513684,0,6435.364395854105,3,0.248484647895411,1
3233.8231708455505,206,1,1,48,3233.8231708455505,2,4137.8231708455505,1,1.4131079957561803,0
1664.5027479247149,160,9,23,54,208.06284349058936,2,3872.5027479247146,1,2.897213998927577,0
1834.485562492591,284,5,13,54,229.31069531157388,4,4016.4855624925913,3,1.900154705968417,0
3618.3557209602664,214,3,9,43,402.0395245511407,1,5690.355720960266,1,1.6085625592273012,0
3957.308154173116,142,4,20,40,565.3297363104451,3,7612.308154173115,0,1.7296273744314492,0
854.1500859577895,834,2,8,34,854.1500859577895,1,1568.1500859577895,0,2.0229871844616887,0
400.226073701178,233,5,7,46,80.0452147402356,1,3060.226073701178,2,1.4833732354099236,0
1963.9761431001432,54,3,16,49,280.5680204428776,0,4320.976143100143,2,1.8843891209331862,0
4777.49022752239,141,5,23,41,2388.745113761195,4,9499.49022752239,0,0.7230045197058995,0
5544.856178371722,295,9,9,38,1108.9712356743444,3,6995.856178371722,2,2.2766802928590937,0
230.38396455035775,406,6,6,10,230.38396455035775,0,1997.3839645503576,0,4.364857169994746,0
1356.397967053931,367,7,16,28,452.1326556846437,0,5073.397967053931,2,1.4689661307886552,0
2342.2039552073493,250,3,16,27,260.2448839119277,2,3167.2039552073493,1,0.9505040195281228,0
7084.04604287481,78,7,22,49,1180.674340479135,0,11910.04604287481,4,2.837180659249245,0
1126.512372293021,47,4,8,35,187.75206204883682,0,1266.512372293021,1,2.2309851328414183,0
2723.5217426391905,6,9,14,16,544.7043485278381,2,6996.52174263919,1,4.175119724225396,0
7230.650748877846,267,1,18,28,1032.9501069825494,1,8851.650748877846,0,2.4313881456583974,0
2083.525942944906,42,1,1,26,347.254323824151,1,5149.525942944906,0,0.5479714382882969,0
1128.388527004184,253,8,23,40,188.06475450069732,4,3905.3885270041837,1,0.9662734839739376,0
3610.8027283546066,50,0,6,10,401.20030315051184,0,8393.802728354607,0,0.7996716854809004,0
4447.577356587695,877,0,19,30,1111.8943391469238,3,7703.577356587695,3,0.8141186333956475,0
647.6735480154208,184,4,11,24,647.6735480154208,2,3198.6735480154207,1,4.849675705628107,0
1249.471662167782,352,0,4,32,138.8301846853091,1,4894.471662167782,0,2.2168054872562415,0
5752.23382504097,356,5,18,22,1150.446765008194,3,7220.23382504097,2,4.054579592674448,0
2199.629780142772,261,4,4,46,366.6049633571286,0,5619.629780142772,4,3.781175150261882,0
8717.723196517934,347,7,21,26,8717.723196517934,3,12066.723196517934,1,3.518353877740671,0
7792.089802634025,47,3,12,25,865.787755848225,2,10438.089802634026,0,1.99484778751466,0
3043.001556766084,102,2,18,59,434.71450810944054,2,6308.001556766084,1,0.1740553740131478,0
6091.762057025624,267,3,20,39,870.251722432232,2,10901.762057025624,2,4.440722039541407,1
1278.3683962344828,339,5,11,42,426.1227987448276,4,5906.368396234483,2,0.21706318483760273,1
556.9614838108464,485,8,22,56,69.6201854763558,2,4886.961483810846,2,0.4040411993220979,0
5744.1269048122,572,2,18,46,5744.1269048122,2,8792.126904812201,1,2.8141001341866265,0
701.6005404043506,272,9,28,62,701.6005404043506,2,4029.600540404351,1,3.7400129401325057,0
2125.0148927393793,177,5,23,69,708.3382975797931,0,2857.0148927393793,3,4.219826436259463,0
9374.527974921799,365,0,3,24,4687.263987460899,2,10925.527974921799,4,4.729760429320616,0
9252.15106515566,496,7,17,50,1028.0167850172957,0,14221.15106515566,0,0.6724280270237921,0
4193.446931087705,313,9,28,53,599.0638472982436,2,7513.446931087705,2,4.8377871999457955,1
2927.45720289095,125,5,21,65,975.8190676303167,2,3175.45720289095,0,0.7352190289033328,0
2120.016634060925,220,6,9,32,1060.0083170304624,1,6312.016634060925,0,4.412584357544023,0
846.3391486890805,172,7,19,36,94.03768318767561,3,2437.3391486890805,1,1.0757066183357433,0
606.7066687799404,1,1,18,24,86.6723812542772,2,3610.7066687799406,0,4.444166313081408,0
862.7607328889516,474,3,12,42,172.55214657779032,4,3496.7607328889517,4,2.420247887379089,0
15403.272721721733,163,9,15,53,2567.2121202869553,0,18027.272721721733,0,3.470384854648262,1
8945.2455364435,324,8,15,31,1118.1556920554376,1,12394.2455364435,4,2.9855394183104296,0
2335.451827983931,633,1,5,28,467.09036559678617,3,4557.45182798393,2,3.5378071517301626,0
5449.6876671863865,696,5,10,38,2724.8438335931933,3,10315.687667186387,4,1.1824658917130326,0
2194.8177144657384,278,6,12,21,438.9635428931477,2,6662.817714465738,0,2.359877413716385,0
53.14908288461537,176,8,26,59,8.858180480769228,1,700.1490828846154,4,1.0176625526715726,0
2255.922047493213,201,1,8,57,375.9870079155355,0,6541.9220474932135,4,4.394209938508536,0
9539.490843867456,431,9,15,58,1589.915140644576,3,11674.490843867456,0,1.292541215343673,0
818.2696007415485,639,2,2,15,818.2696007415485,2,1255.2696007415484,1,4.452475283988425,0
2573.290536181926,402,8,14,35,857.763512060642,2,5443.290536181927,0,2.509775864870876,0
3905.642659358118,185,9,18,67,1952.821329679059,4,7736.642659358118,1,2.1947567421174883,0
71.34175792820265,65,5,22,33,7.926861992022517,3,4611.341757928202,0,3.228342627343897,0
3108.9913561940984,430,8,18,62,1036.3304520646996,2,5350.991356194098,1,4.913721939308721,0
819.0211555487497,41,0,15,60,204.75528888718742,3,1468.0211555487497,2,0.45465279410771786,1
1424.6154945102735,292,6,22,34,284.9230989020547,1,6357.6154945102735,4,4.386725448426822,0
6319.657434475749,37,3,6,18,6319.657434475749,4,7790.657434475749,4,0.2680249708325345,0
375.13031429851037,238,0,3,41,375.13031429851037,4,2704.1303142985103,3,0.9831580044300043,0
4050.488721459778,434,4,21,67,506.31109018247224,1,7457.488721459778,2,3.6721472125039654,0
96.43442766641023,177,5,8,12,24.108606916602557,0,4689.434427666411,2,2.942001474020755,0
3382.566791355266,458,6,11,55,375.8407545950296,4,7243.566791355266,3,3.8643017579188914,0
2545.4822132638383,803,1,7,36,318.1852766579798,1,4183.482213263838,1,3.0084581137326056,0
1286.5121139968912,103,9,14,15,1286.5121139968912,4,2401.5121139968915,2,0.8921058270414738,0
5142.423203545055,365,9,13,57,642.8029004431319,0,9808.423203545055,3,2.8046916527431502,1
1960.439253927162,245,4,10,36,1960.439253927162,4,4412.439253927162,2,1.6860041813542763,0
2148.1878655296155,196,2,15,26,716.0626218432052,3,2701.1878655296155,1,3.713658639982027,0
2458.5032816598095,330,5,7,41,491.7006563319619,3,3959.5032816598095,3,3.6479248955936163,0
3071.421512167608,809,8,9,47,1023.807170722536,0,5356.421512167608,4,3.4401387917331294,1
1515.1388798297219,112,9,24,41,303.0277759659444,3,2729.138879829722,3,4.207779680700402,0
1400.993283465688,171,8,17,40,175.124160433211,3,2752.993283465688,4,3.407201984004835,0
1044.8175849578515,64,4,16,43,261.2043962394629,1,3107.8175849578515,2,4.559140349698996,0
8009.538248966226,170,7,26,59,8009.538248966226,4,12762.538248966226,4,4.842532536744142,0
6657.680337405496,105,1,12,43,951.0971910579281,0,10755.680337405496,4,1.503389860521748,1
361.18718324188416,312,9,11,47,51.59816903455488,3,3325.187183241884,3,3.902866592419069,0
3701.5297877572693,155,1,6,54,1233.8432625857565,4,6441.529787757269,0,3.561692868616193,0
686.1229514602858,374,3,3,34,114.35382524338097,4,3178.1229514602855,0,4.571539513132663,0
2920.364673433488,30,8,11,17,730.091168358372,0,4553.364673433488,1,2.096580148874668,0
2727.707196134022,179,7,10,56,303.07857734822466,1,7568.7071961340225,2,1.9097853077670324,0
6312.626515785587,191,7,25,56,701.4029461983986,0,10731.626515785587,0,1.571671641605253,0
1694.5483229622052,98,9,14,24,847.2741614811026,2,4760.548322962205,2,2.3444790809464378,0
1726.8559250624337,386,0,16,58,345.37118501248676,1,4776.855925062434,2,3.850093219401985,0
201.56213118352306,174,4,20,30,50.390532795880766,0,1227.562131183523,3,1.1939930802900527,0
1658.2173264764615,758,0,7,24,829.1086632382307,3,3383.2173264764615,1,4.6031517891621,0
3251.6094455012285,93,4,15,23,406.45118068765356,3,7645.609445501228,0,0.6763682522484937,0
2189.364307976568,137,1,13,26,547.341076994142,4,4398.364307976568,4,2.95392273024052,0
922.8367417849643,4,5,16,59,461.41837089248213,3,3392.836741784964,2,2.6109222480326197,0
5172.307161426909,185,5,13,18,862.0511935711515,0,8303.30716142691,0,3.1531270631853143,1
1848.696074531815,50,0,10,25,369.739214906363,2,3149.6960745318147,0,3.9146893441116717,0
2790.1523562569123,33,5,13,33,2790.1523562569123,2,6717.152356256913,0,3.109722377169603,0
785.4133691987328,173,0,19,31,87.26815213319253,1,2015.4133691987327,2,3.3512410601093645,0
2872.3409772015516,215,4,10,27,359.04262215019395,1,5930.340977201551,3,4.4268980727919205,0
3929.0291013672286,483,5,8,24,491.1286376709036,0,6268.029101367229,1,4.90899535041711,0
507.0538920163505,211,2,11,41,56.33932133515006,0,4763.053892016351,0,4.438630044492977,0
1500.882901092822,533,4,17,32,300.1765802185644,3,2943.882901092822,4,2.5031837836891366,0
222.33612123967472,333,9,10,21,44.46722424793494,1,1778.3361212396746,0,2.2549197662810117,0
3073.7451717591916,52,9,11,52,341.52724130657685,3,6166.745171759192,3,0.8512201278650253,0
819.8863910113217,308,7,9,29,409.94319550566087,3,2779.886391011322,0,0.1269761255325494,0
3794.5832731790065,60,1,17,52,542.0833247398581,0,7759.583273179007,3,0.6622229495488736,0
3044.504785966951,5,0,8,13,380.5630982458689,3,7940.504785966951,1,4.139797800592451,0
2081.800418829637,235,9,27,51,297.40005983280525,1,6778.800418829636,1,2.3134132844533384,0
2858.1445927329996,178,2,5,46,2858.1445927329996,2,6878.144592733,2,2.7589742040815675,0
862.1116445292862,115,9,25,31,215.52791113232155,0,5233.111644529286,2,0.3615177532045579,0
1749.4618125022039,14,3,15,38,1749.4618125022039,2,2087.461812502204,0,4.334874403405686,0
1340.8131464469743,448,6,16,48,191.5447352067106,3,2470.8131464469743,0,1.5946816815237832,0
972.2757854509,445,8,27,33,121.5344731813625,2,4955.2757854509,0,0.9006370370990162,0
1508.9509365311774,383,0,1,9,167.66121517013082,0,6052.950936531177,2,2.662270065005722,0
1365.1246694550523,149,4,17,52,455.04155648501745,3,4893.124669455052,2,4.743137864565451,0
7642.906928892546,885,5,12,29,1528.5813857785092,2,10733.906928892546,3,4.986222591166256,0
2753.774494003571,369,8,16,62,393.39635628622443,2,2924.774494003571,4,1.1599286875084516,0
2837.094603931334,469,0,0,3,2837.094603931334,1,4260.094603931334,2,1.4451824910793565,0
2007.2495895644013,258,8,9,34,501.8123973911003,1,6813.2495895644015,4,4.590352569820774,0
5192.590459688337,217,2,3,15,1298.1476149220844,0,7938.590459688337,1,1.3137690981618142,0
1264.3965643775657,639,2,18,36,632.1982821887829,0,4858.3965643775655,3,0.6364481836375965,0
1439.800036393229,574,8,27,53,159.97778182146988,4,5663.800036393229,0,4.000611101150722,0
657.0713419580882,311,9,17,21,219.02378065269605,0,823.0713419580882,2,4.887567669949419,0
3037.0276858336533,351,3,13,25,607.4055371667307,4,7854.027685833653,3,3.589670370415976,1
8024.406800318336,245,2,9,20,1003.050850039792,3,12873.406800318335,3,1.7491003915503032,0
4082.825963950732,551,9,10,53,1020.706490987683,1,8880.825963950732,4,1.2585350905830592,0
4853.579640209103,202,4,8,10,693.3685200298718,0,7964.579640209103,4,3.0920681329861286,0
1122.0318744582537,491,5,14,48,1122.0318744582537,3,5394.031874458254,3,0.9445625932715893,0
5666.014978816708,20,3,4,14,2833.007489408354,4,10316.014978816707,1,4.740147296346475,0
3540.719272229041,454,6,20,23,505.817038889863,2,4186.719272229041,2,3.64981852689182,1
2967.714949066851,427,8,13,48,494.6191581778085,0,3385.714949066851,0,4.512476955663157,0
3473.821633871568,347,1,3,42,578.9702723119279,0,4649.821633871568,2,1.0812168655566317,0
1484.6057411981442,281,1,1,25,742.3028705990721,1,5854.605741198144,2,1.2110417400690652,0
5343.501390567145,60,4,4,12,763.3573415095922,2,9143.501390567144,4,4.957936941743937,1
8044.1616296302955,242,2,3,11,8044.1616296302955,3,8675.161629630296,2,3.6133190879454835,0
5524.133288335717,225,4,6,36,2762.0666441678586,0,8462.133288335717,0,2.8162318144394436,0
3329.708288093197,89,7,8,37,3329.708288093197,1,5445.708288093198,1,1.7599922506800327,0
2003.4086106747495,238,1,3,37,2003.4086106747495,3,2280.4086106747495,4,2.172310587616045,0
4177.22977306382,347,8,12,48,835.445954612764,0,8456.22977306382,3,0.523500795664516,0
4360.491026541503,107,5,10,32,1453.4970088471675,4,7539.491026541503,0,2.120260545894344,0
503.0858503526016,163,5,23,64,71.8694071932288,0,3228.0858503526015,1,3.8451546277814015,0
3631.759339462003,201,2,16,55,1815.8796697310015,2,6655.7593394620035,0,4.251718126003005,0
1794.4121666697379,149,7,9,18,1794.4121666697379,4,4712.412166669737,0,3.628586662952388,0
6285.134504090307,95,4,14,36,3142.5672520451535,3,8014.134504090307,2,4.292620207913136,0
8896.769396923919,46,0,15,62,4448.3846984619595,3,10340.769396923919,1,0.2784742633024637,0
1183.87739021818,258,1,15,52,394.6257967393933,3,1957.87739021818,0,3.668488591347572,1
315.32278177176306,697,3,6,31,39.41534772147038,1,4502.322781771763,2,4.484069191496,0
3955.562813177191,190,4,18,24,565.0804018824558,1,5285.562813177191,4,3.5060018405562845,0
2023.2493690400693,724,1,8,46,224.80548544889658,3,6898.24936904007,4,2.5906316919227095,0
1588.2865967562495,403,7,9,45,176.47628852847217,0,1722.2865967562495,2,0.38799766646563116,0
2041.097427848611,211,6,16,40,2041.097427848611,0,3375.097427848611,2,3.2669067464149966,0
10784.909691686873,290,6,19,36,2696.2274229217182,3,12652.909691686873,2,1.4745971437977912,0
545.3266533918816,9,0,14,55,272.6633266959408,0,4371.326653391881,3,0.7160747876875457,1
804.1979859117591,215,3,4,20,89.35533176797324,0,5468.197985911759,2,1.3804108221153215,0
63.00175137930605,540,2,12,59,21.000583793102017,1,3859.001751379306,2,4.302689334151556,0
2288.6610347129144,20,9,18,34,2288.6610347129144,2,4846.661034712914,3,1.2289820376819398,0
923.5042734979052,377,8,23,35,230.8760683744763,1,3349.504273497905,3,3.2099101159563665,0
1926.538860949832,63,5,24,52,240.817357618729,1,5806.538860949832,0,2.965541362964583,0
725.0581486066101,792,6,18,30,241.68604953553668,4,5074.05814860661,3,1.6270278527536581,0
1105.4795321434876,111,5,18,47,157.92564744906966,0,5610.479532143488,1,1.018454964727616,0
3260.794711620883,533,5,7,55,652.1589423241766,1,4302.794711620883,3,0.5549085085706911,0
9.59362908407422,864,0,16,16,9.59362908407422,4,4342.593629084075,0,0.3897155391113838,0
4199.474292246818,152,5,8,42,524.9342865308522,3,7561.474292246818,1,1.8335475774122716,0
4723.421828525863,9,6,7,52,2361.7109142629315,2,7389.421828525863,3,3.988218018166066,0
1696.3586990625327,452,4,6,29,339.27173981250655,4,4798.358699062533,4,0.21542878769709367,0
47.31938761318747,26,7,21,49,5.914923451648434,3,3460.3193876131872,2,2.8409174023041444,1
5178.783684231428,95,0,11,52,2589.391842115714,1,7140.783684231428,4,0.34414652218947545,0
2854.6731368269584,35,1,19,45,951.5577122756528,1,6067.673136826958,0,2.5686203323459877,0
1548.8885509971562,390,1,13,33,1548.8885509971562,0,5856.888550997156,2,1.9821946626268891,0
1958.051451285939,52,4,8,16,326.3419085476565,1,3751.051451285939,3,0.5773097331936226,0
931.1306946286483,156,4,17,22,103.45896606984981,2,5785.130694628649,4,0.342694765271173,0
191.714740146707,575,7,8,12,191.714740146707,1,4118.714740146707,4,1.5986249331589502,0
3695.133806150277,554,2,5,24,923.7834515375692,2,6921.133806150277,3,0.1066379424715071,0
6922.356183900309,237,7,10,33,6922.356183900309,3,9881.356183900309,4,2.133663561053299,1
6104.694343843126,93,5,10,59,3052.347171921563,2,7138.694343843126,2,4.212913052746869,0
4212.788469824404,88,8,21,66,2106.394234912202,3,8994.788469824405,0,4.79419252787256,0
878.8685885317374,764,3,8,57,125.55265550453392,4,3266.8685885317373,4,3.7576966066721713,0
8800.813899107683,184,4,12,60,1760.1627798215366,2,12698.813899107683,4,0.8144960200434603,0
127.54549201093805,290,7,24,27,63.772746005469024,3,873.545492010938,2,0.7465205120879473,0
7789.602394156428,719,9,13,55,2596.534131385476,2,8606.602394156427,4,3.5839727968402646,0
4568.630240085668,195,3,13,45,1522.876746695223,4,7846.630240085668,3,1.0115860328781037,0
1607.4584028252407,682,3,8,45,535.8194676084136,2,4564.458402825241,4,2.1438220675010755,0
71.21009926094024,231,5,5,41,23.736699753646747,0,1364.2100992609403,4,3.997669520956062,0
1446.306430151497,413,8,25,74,241.05107169191615,4,3236.306430151497,1,3.8685451068148193,0
4707.39845941065,449,3,17,44,1176.8496148526624,0,6973.39845941065,4,1.846291081126222,0
2575.087164532109,260,4,4,47,858.3623881773697,3,5706.087164532109,1,4.078396783292414,0
2162.678090884628,122,3,7,47,360.44634848077135,4,5396.678090884629,0,3.0619054283123153,0
1541.7324062625523,395,4,18,18,256.95540104375874,1,2522.732406262552,4,4.767123855869929,0
1924.04031500184,169,5,21,30,213.78225722242667,3,6602.04031500184,2,0.25398533935902345,0
3207.325602296764,385,0,17,66,534.5542670494607,3,6135.3256022967635,3,2.5422501164740074,0
3442.0037438379286,104,0,15,16,430.2504679797411,4,5046.003743837929,1,1.5099735193225075,0
1984.3093716134367,209,7,18,43,396.86187432268736,0,5990.309371613437,1,3.3543506767880373,0
6899.59853639876,117,1,8,43,862.449817049845,0,7472.59853639876,1,1.5746178467797045,0
5729.774666385089,45,6,6,38,1432.4436665962724,4,10625.774666385088,0,2.4993099692592096,0
2566.373737499352,123,7,13,28,320.796717187419,1,5255.3737374993525,4,3.0590476055485607,0
807.7161234641744,37,7,17,61,100.9645154330218,0,2608.7161234641744,3,1.2359381373819731,0
7553.790760296327,195,9,17,30,1888.4476900740817,3,8879.790760296328,3,2.256745497157082,0
149.47538099568882,107,6,7,39,37.368845248922206,2,4308.475380995689,1,0.46829718211059435,1
1213.2357863388258,135,4,16,16,404.4119287796086,3,4925.235786338826,0,2.189868024223252,0
96.63939087311356,242,0,15,47,24.15984771827839,4,3495.6393908731134,2,0.6489387812752331,1
3179.236293006054,176,2,9,27,454.17661328657914,2,8087.2362930060535,0,1.2772507301046216,0
438.79151318314837,15,7,9,55,438.79151318314837,2,3680.7915131831483,2,3.3173343360378404,0
4473.9082887780105,736,3,10,57,745.6513814630017,0,7812.9082887780105,0,3.1948418484154226,0
3725.9483045634533,295,4,18,42,465.74353807043167,0,7231.948304563453,2,1.8566095971203458,1
5834.883502410568,205,4,17,23,2917.441751205284,0,8788.883502410568,3,2.026685301052337,1
1185.8007850742722,184,4,15,59,148.22509813428402,4,4781.800785074272,1,1.9410267663725027,0
1795.2715019272543,295,9,22,27,256.4673574181792,1,4400.271501927255,1,2.3364041604428434,0
3198.781901208075,194,0,15,31,533.1303168680125,4,7094.7819012080745,1,3.030979740256883,0
102.22524347045909,569,2,8,34,17.03754057840985,2,4102.225243470459,0,3.2191737334668535,0
2866.771896719393,304,5,7,53,409.53884238848474,4,4796.771896719393,3,3.8855296341881633,0
4498.662969344179,648,4,18,52,562.3328711680224,0,7430.662969344179,2,2.1783798004657458,0
1100.019988832732,693,7,17,35,275.004997208183,0,4172.0199888327315,0,2.321471009828522,0
7205.9221033345675,362,5,13,50,1801.4805258336419,1,10427.922103334568,4,4.937547296178236,0
3252.159366054509,285,5,19,29,3252.159366054509,3,5286.1593660545095,4,0.4677320093196018,0
940.3261222955425,424,4,22,55,104.48068025506028,0,2490.3261222955425,4,1.7204557901369137,0
4973.753218203699,120,1,7,55,828.9588697006166,1,9797.7532182037,2,4.447272469225424,0
985.1489678573972,10,8,15,48,492.5744839286986,2,2945.148967857397,4,3.4761191622909173,0
847.0067123663027,363,3,12,30,169.40134247326054,0,1671.0067123663027,0,1.0944737486701654,0
418.11983445397874,98,7,9,39,52.26497930674734,4,1164.1198344539787,3,0.6537862692817558,0
4899.969648694573,63,1,1,16,699.9956640992248,4,7885.969648694573,1,1.9699433593610784,1
5518.91459667439,728,7,15,18,919.8190994457317,4,5950.91459667439,3,2.3586334574177785,0
1439.2706918645908,229,9,27,40,287.85413837291816,4,2579.270691864591,4,2.4903596973176807,1
1301.7543363197854,235,8,20,48,650.8771681598927,1,2002.7543363197854,2,1.306375774950817,0
232.15362925917728,810,5,5,33,33.164804179882466,4,4499.153629259177,3,2.932717833345013,0
6167.399724961867,70,7,24,44,1541.8499312404667,0,6873.399724961867,2,3.246317782528461,1
1332.4730883006418,331,1,18,60,1332.4730883006418,0,2929.473088300642,2,4.203945266572132,0
2568.7673982582305,166,1,20,56,856.2557994194102,1,4873.767398258231,0,2.064937627541771,0
4081.8877775204915,295,8,8,26,2040.9438887602457,3,5398.887777520491,3,1.1973497476550992,0
1725.7670576723783,397,1,20,54,1725.7670576723783,0,4448.7670576723785,2,1.821322033119584,0
2827.501568604894,182,0,19,62,403.92879551498487,1,4144.501568604894,4,4.831002348591237,0
2024.5131698858606,406,0,15,24,506.12829247146516,2,6067.51316988586,2,4.563055446461572,0
401.72404793407145,617,1,4,12,133.90801597802383,2,2003.7240479340715,3,3.782444051243711,1
5840.714992018462,461,1,7,27,834.3878560026375,0,10558.714992018462,1,2.5908002882021144,0
217.74854926552916,50,1,3,27,31.106935609361308,3,5038.748549265529,2,1.6886013991705222,0
254.05241871176827,65,3,10,28,42.34206978529471,0,4294.052418711768,0,4.170620372928739,0
7938.675901883514,275,0,11,23,1323.112650313919,2,12163.675901883515,0,3.948521344603419,0
1689.408982224536,221,6,17,57,281.56816370408933,1,2928.408982224536,0,2.9601230835433436,0
420.73132288828356,463,7,13,47,105.18283072207089,2,2395.7313228882836,4,1.2725331561523394,0
733.1164970942156,270,9,25,25,244.37216569807185,1,3513.1164970942154,1,2.4928983049017264,0
6341.749513883241,256,3,9,51,1268.3499027766482,4,6454.749513883241,1,1.0011575415067107,1
4187.969635264393,315,2,14,55,523.4962044080492,0,8086.969635264393,1,0.22040758571014674,0
1687.4299576639396,143,2,11,23,281.23832627732327,4,6063.42995766394,3,0.9494547901478659,0
936.3312675479619,15,4,18,20,234.08281688699049,2,3590.331267547962,4,1.1799573796713951,0
2207.5519024698247,311,2,19,51,735.8506341566082,2,3712.5519024698247,4,4.6464331605679705,0
1083.9701524430643,161,5,15,29,361.3233841476881,2,5065.970152443064,4,3.3854174218714173,0
54.91736817656175,173,0,0,38,27.458684088280876,0,256.91736817656175,4,0.6449896616295235,1
9593.778900892084,200,2,15,46,1370.5398429845834,0,10612.778900892084,2,4.390803482444285,0
4734.538589647708,300,8,25,26,526.0598432941898,3,5362.538589647708,1,0.49758867118245487,0
795.9396395781753,50,4,15,24,198.98490989454382,4,1795.9396395781753,1,3.8561252591315447,1
3673.334951790464,962,7,11,56,612.2224919650773,1,5701.334951790464,2,3.14585187498878,0
2691.8666583669233,27,6,23,57,448.6444430611539,3,5619.866658366924,3,3.9777092163149512,0
1525.3309515883077,311,1,6,27,381.3327378970769,1,2377.3309515883075,4,2.02554780962302,0
1881.24269924651,67,7,22,60,1881.24269924651,2,6611.24269924651,2,0.4357587765886852,0
2960.4195460818632,388,0,13,40,422.91707801169474,3,7163.419546081863,1,4.80011574651415,0
8159.6712767402805,84,6,9,48,4079.8356383701403,2,9456.67127674028,3,1.3218728371806852,0
6172.372274642771,135,9,25,61,2057.4574248809236,2,9713.37227464277,3,1.8616881727172037,0
2656.536928702785,96,7,15,59,295.17076985586505,1,4062.536928702785,2,4.680009093425324,0
49.23262817145732,134,9,15,32,24.61631408572866,2,3277.2326281714572,3,0.45657863567952583,0
5065.116936140293,357,5,19,37,562.7907706822548,1,6884.116936140293,3,3.363547223930587,0
396.7950511886849,471,0,7,33,44.08833902096499,0,4378.795051188685,4,1.3103680968011573,0
15.97309704784791,811,9,13,40,1.77478856087199,3,4186.973097047848,1,1.3167516712506162,0
168.58934666651075,57,1,3,45,28.09822444441846,3,1932.5893466665107,3,1.4911865160241253,0
5925.839838405544,785,1,6,8,740.729979800693,0,10376.839838405544,2,2.5461712641372762,0
6117.504477279677,27,2,14,38,1529.3761193199193,1,10922.504477279677,4,3.2494038277662893,0
1081.7578213212748,527,6,15,53,120.19531348014165,3,5403.757821321275,3,3.113344958121361,0
1609.5288399490096,225,3,4,22,321.9057679898019,4,2519.5288399490096,4,3.945317064556818,0
2900.094247740689,6,3,17,48,966.6980825802297,3,3895.094247740689,4,4.104879942656595,0
1087.8839730996021,716,7,21,54,181.31399551660036,3,4645.883973099602,4,2.757153383086493,0
1519.391648234537,757,1,7,19,189.9239560293171,4,5855.391648234537,1,0.8999845276936692,0
1671.1766497066567,345,6,25,37,557.0588832355522,1,5819.1766497066565,1,0.2437388689112855,0
3647.2236735815013,56,2,6,24,3647.2236735815013,0,7416.223673581501,1,2.9066884383687808,1
3277.6923118122013,935,7,12,17,364.18803464580014,2,7857.692311812201,0,2.1088881622248845,0
505.6322193581078,134,1,2,38,505.6322193581078,0,2794.6322193581077,4,0.5614443903284312,0
231.18484349567407,205,1,9,46,57.79621087391852,4,5020.184843495674,4,0.7100282936841831,0
323.41744524905374,53,6,20,33,64.68348904981075,0,2208.417445249054,4,0.29822546412350254,0
3431.662099771662,816,7,21,52,1143.887366590554,1,5309.662099771662,3,3.257322709130901,0
2885.0701837505167,368,7,13,27,320.5633537500574,2,5759.070183750517,2,3.134077428595411,0
6596.636817580495,321,4,18,32,732.9596463978328,0,9379.636817580495,3,0.1596687175075573,0
2942.977044028891,141,5,11,13,367.8721305036114,4,7374.977044028891,1,2.560198717317105,1
3730.257928188441,291,1,13,43,1243.419309396147,0,7203.257928188441,2,2.113056744810617,0
888.8704606827667,365,7,22,39,888.8704606827667,2,2079.870460682767,3,4.438631786099222,0
500.36484098755517,349,8,18,54,71.48069156965074,2,1452.3648409875552,2,1.678866426527063,0
3246.3353923817363,488,6,13,14,1623.1676961908681,1,5414.335392381736,1,3.67736398927096,0
2151.226041715304,379,1,17,64,1075.613020857652,4,4137.226041715304,2,2.4427566223889148,0
1443.3190680983244,229,3,4,28,288.6638136196649,4,5570.319068098324,4,0.46024361960801774,0
132.6650720804605,250,5,22,59,16.583134010057563,2,3050.6650720804605,1,4.904407430228311,0
6403.740194551283,171,7,21,60,1600.9350486378207,3,7010.740194551283,0,3.8748186514377942,0
3197.141687577646,911,1,18,28,3197.141687577646,4,6735.141687577646,2,4.327725543930926,0
679.2958358768878,113,5,16,47,339.6479179384439,4,2351.295835876888,2,1.5241564733667552,0
65.37601539847495,431,1,18,51,8.172001924809368,2,4740.376015398475,2,4.087694614593399,0
1531.2294843681386,285,9,18,59,170.13660937423762,3,2097.2294843681384,2,1.9661541104495432,0
16406.181432107158,330,0,15,36,3281.2362864214315,4,20566.181432107158,2,1.5220150757238615,1
548.3327614332925,108,6,25,35,78.33325163332749,4,2296.3327614332925,2,3.3839337350291334,0
7103.641520933835,501,5,24,55,1775.9103802334587,1,11468.641520933834,0,3.337241847397272,0
2664.3338092671024,355,1,15,52,2664.3338092671024,0,6076.333809267102,3,1.5789506452068738,0
3841.8451371784613,101,6,6,53,426.8716819087179,4,5020.845137178461,2,1.1111693406643253,0
4807.640761634829,253,3,20,35,801.2734602724714,3,5973.640761634829,4,1.9428655464182112,0
10116.353995842795,264,3,19,58,1124.0393328714217,1,14154.353995842795,1,3.49256899557422,0
990.3454112195685,139,4,8,55,165.05756853659474,0,1994.3454112195686,0,1.0654744347677758,0
3563.547830521579,130,3,4,15,593.9246384202631,2,5457.547830521578,3,1.80694373896294,0
2118.0561129478206,162,4,14,50,353.0093521579701,1,5446.056112947821,2,0.226968091638931,0
966.9006187081756,3,5,24,58,138.12865981545366,1,2131.9006187081754,2,1.0439979378727273,0
6605.325436579208,620,8,21,67,733.925048508801,4,9642.325436579209,3,1.3583991080338442,0
6029.355655999326,154,2,8,46,753.6694569999157,0,8396.355655999327,3,1.3593349089809288,0
8176.979540807796,135,5,10,39,1022.1224426009745,1,8616.979540807795,1,1.5883764110202014,0
7166.840733775672,328,5,20,32,796.3156370861857,3,11172.840733775673,3,3.46487787875508,0
27.430906776064898,415,7,11,33,3.4288633470081122,3,2988.430906776065,3,0.6389887241314857,0
2604.5627422596845,527,3,12,15,520.9125484519369,1,4865.5627422596845,4,2.096070332351992,0
963.6582559110274,252,3,8,36,107.0731395456697,4,2332.6582559110275,0,3.1343807199600064,0
1083.0623010549123,152,6,17,25,135.38278763186403,4,2753.0623010549125,4,2.9006850624391913,0
1730.4702398472887,346,6,9,19,192.2744710941432,1,4943.470239847289,2,1.3449203655429178,0
929.2691626588452,451,9,20,48,185.85383253176903,1,4351.269162658845,4,1.846539926530448,0
36.0861856216051,13,0,1,26,9.021546405401274,3,418.08618562160507,0,2.364690921102477,0
3064.370967982765,938,6,21,53,340.4856631091961,2,6229.370967982764,2,4.926154357888967,0
501.51340269737943,61,6,22,35,125.37835067434486,3,4277.513402697379,1,4.66065006946854,0
659.2814554146631,356,5,24,42,219.76048513822104,1,2862.281455414663,4,3.47195292961932,0
4979.873671005021,402,6,21,70,711.4105244292887,1,9012.873671005022,4,2.670969686555864,0
1829.0970420789088,167,1,12,20,261.2995774398441,1,6191.097042078909,2,4.801226391524883,0
791.8490950053679,165,0,11,22,87.9832327783742,0,3630.849095005368,2,4.597065083576417,0
3153.291380858673,294,3,15,51,788.3228452146683,0,6108.291380858673,4,0.26593618893488946,1
1065.1686036588112,262,9,25,47,355.05620121960374,2,1909.1686036588112,1,3.1707486346438474,0
5634.244963126419,325,8,25,52,804.8921375894885,2,10608.244963126419,4,4.471785428872604,1
3586.120224219666,523,8,9,12,1195.373408073222,1,6465.120224219666,4,2.565962758625154,0
380.3247664143366,42,8,14,16,95.08119160358414,1,1442.3247664143366,2,4.173334233266975,0
3294.922451417894,263,3,16,64,366.1024946019882,2,4746.922451417894,3,3.2939393585639123,0
1125.0553109816738,559,0,3,8,562.5276554908369,2,5536.055310981674,2,0.23370816045162326,0
1588.4062917298045,510,4,23,61,397.1015729324511,4,4496.406291729804,1,3.8987341053552744,0
6914.183322565668,570,2,10,59,3457.091661282834,3,8827.183322565668,3,4.752590865163024,0
141.38829742766984,447,3,13,16,17.67353717845873,2,1240.3882974276698,4,2.0983622362054435,0
1713.7043618600078,245,9,9,16,1713.7043618600078,3,6490.704361860007,4,4.3741861265558875,0
3595.8378610424597,320,5,24,57,898.9594652606149,2,8435.837861042459,1,2.861459888745447,0
173.23050858128482,699,9,14,43,19.247834286809425,0,4371.230508581285,1,4.402254610295616,0
3137.8851710743647,71,7,9,44,1045.9617236914548,4,7284.885171074365,2,4.649631942342115,0
858.9910142810629,474,0,5,13,286.33033809368766,0,1855.991014281063,0,4.507812448409238,0
8888.246904720458,229,4,19,60,1481.3744841200762,2,9221.246904720458,2,2.440176541009506,0
661.1338194600202,433,6,10,28,220.37793982000673,2,3640.1338194600203,2,1.1838352484072652,0
928.9752827629601,726,7,22,49,464.48764138148005,3,4921.97528276296,0,0.5457972711677248,0
924.085073052452,515,1,2,11,102.67611922805023,4,3583.085073052452,0,1.7155716702607162,0
353.3918776368215,400,2,5,26,88.34796940920538,4,1750.3918776368214,3,2.331390194834412,0
3703.827238897173,117,7,9,11,3703.827238897173,2,6081.827238897173,1,4.609663174651645,0
5760.596012196837,149,7,26,41,720.0745015246047,1,9240.596012196838,0,2.590905125010895,0
583.0481078909659,182,1,9,46,83.29258684156655,2,5337.048107890966,1,1.5991866659170224,0
5777.537157931515,319,7,14,19,1444.3842894828788,4,9940.537157931514,1,4.512953133699362,0
993.1418612876308,135,8,21,32,331.0472870958769,0,1364.141861287631,4,3.0742239567420224,0
3275.3213879018945,563,1,11,53,467.9030554145564,2,4961.321387901895,4,0.8913758809667047,0
248.79595612486537,4,2,11,30,49.75919122497307,1,4707.795956124865,3,1.5352338044743337,0
1215.1969687834674,646,4,15,39,405.06565626115577,3,6047.196968783467,0,1.8020852286755595,0
5207.678326419259,481,1,19,50,1301.9195816048148,1,6090.678326419259,1,2.385753790566795,0
4072.975938976024,266,6,14,32,814.5951877952048,4,7824.975938976024,3,2.21136883191244,0
9369.570562619587,16,2,11,25,9369.570562619587,1,12220.570562619587,2,3.631355568702306,0
1880.3506300768693,121,1,3,23,268.6215185824099,0,2495.3506300768695,1,0.9664992337362005,0
2069.219329449442,7,1,14,19,689.7397764831472,2,3661.219329449442,3,4.651084435922371,0
1045.081852193364,57,1,4,30,522.540926096682,2,3799.0818521933643,1,0.5464476937436568,0
3352.808917292585,251,2,4,49,670.5617834585171,1,4420.808917292585,4,1.567572501723936,0
3705.2127078582002,233,0,10,37,1852.6063539291001,4,8142.2127078582,4,4.914813626820198,0
4044.604717438878,37,3,5,36,1348.201572479626,2,6442.604717438879,4,3.777864376712472,0
425.24400538901864,364,0,6,7,85.04880107780373,0,1001.2440053890186,1,4.058242593523529,0
2177.679416079947,470,6,20,64,435.5358832159894,2,4628.679416079947,2,2.6001434522947178,0
4220.773816587371,629,5,12,60,1055.1934541468427,3,6257.773816587371,2,1.603085699577759,0
2412.9911082040812,181,9,11,45,268.11012313378683,0,5478.991108204082,4,1.9093910783893682,0
2422.699038392227,7,5,11,60,403.78317306537116,1,5322.6990383922275,3,3.621452290472096,0
7682.446497102012,118,6,9,32,1097.4923567288588,0,10015.446497102012,0,1.5421377652350796,0
2747.3868957842706,189,9,21,39,457.8978159640451,4,7382.386895784271,3,2.6942748368183183,1
3852.9374734909843,29,8,9,40,963.2343683727461,4,4879.937473490984,2,2.684981054764321,1
5257.318014189288,11,2,2,28,1314.329503547322,4,8170.318014189288,4,2.2333987747427333,0
7399.941194334551,15,2,3,44,924.9926492918189,1,9814.941194334551,0,0.48823609194847795,0
3252.87067725067,165,8,10,30,1626.435338625335,4,4625.87067725067,2,0.8446379958928026,0
2721.1860868531808,379,5,19,19,340.1482608566476,2,5258.18608685318,4,2.834833059542138,1
3741.0989305785656,590,9,15,59,467.6373663223207,4,5918.098930578566,2,0.9445730186520512,0
3482.325898233846,99,9,12,36,1741.162949116923,1,4793.325898233847,1,0.7346825813295131,0
11938.53570393569,596,0,14,60,1492.3169629919612,0,12835.53570393569,1,3.0989222381142216,0
8329.792810465915,736,5,23,50,925.5325344962127,0,12187.792810465915,3,0.6642913913503693,0
227.22184338035146,462,8,25,56,28.402730422543932,3,2723.2218433803514,4,3.3334650819925296,0
2542.478827879396,355,3,18,55,423.74647131323263,1,6692.478827879396,4,2.942312538811597,0
3225.271299172862,286,8,22,53,806.3178247932156,4,3693.271299172862,3,3.345412068888659,0
5015.4244225567345,363,6,12,17,1253.8561056391836,4,7926.4244225567345,4,2.6367584917142546,0
7088.8370669084625,396,4,13,23,787.6485629898292,3,9488.837066908462,1,2.1924945137774854,0
3528.9536587880475,346,8,12,50,441.11920734850594,2,6016.9536587880475,3,0.4482953374608012,0
8633.927489585603,518,2,10,52,1079.2409361982004,1,10210.927489585603,1,3.1989279045399583,0
2985.080016250137,45,9,23,56,1492.5400081250684,3,4297.080016250136,4,3.83990846538577,1
3680.7866811885397,131,4,22,47,3680.7866811885397,0,6821.78668118854,0,2.8683061498436873,0
2130.2934766250414,159,7,25,67,532.5733691562604,3,4351.293476625042,0,3.796786007064852,0
776.127010486434,254,4,16,60,258.709003495478,4,3119.127010486434,1,4.993276520188838,0
7258.663691632179,583,4,20,25,1451.7327383264358,0,12221.663691632179,0,0.7630419376001639,0
1102.5155814898771,74,4,5,14,1102.5155814898771,1,1835.5155814898771,2,2.2113411202274023,0
2108.761191006824,222,6,12,49,1054.380595503412,3,5134.761191006824,4,3.5273516957552444,0
580.8070484994818,124,0,0,19,290.4035242497409,3,786.8070484994818,0,2.2942373635099393,0
5289.161414346977,761,8,27,57,587.6846015941086,3,5842.161414346977,0,2.459834330060184,0
5048.981769999032,96,4,23,34,560.9979744443368,3,7603.981769999032,0,3.7828774379741357,0
1271.0783091402316,586,0,4,21,158.88478864252895,4,6137.078309140232,3,3.6943808629073898,0
7263.844790099102,414,5,13,30,1210.6407983498505,1,9610.844790099101,4,4.717476121284528,0
5225.424561633867,71,8,15,37,1306.3561404084667,4,9673.424561633867,1,0.9153170883868355,0
4142.71079703198,54,2,7,24,4142.71079703198,0,6401.71079703198,4,1.924344201816592,0
2545.384585236591,48,2,10,32,363.626369319513,4,3004.384585236591,1,4.232121285032355,0
2693.2468736102655,252,1,9,53,299.24965262336286,3,6682.2468736102655,4,2.2765315578636574,0
10133.522111792603,110,0,9,14,1125.9469013102891,3,10445.522111792603,0,3.276847309981573,0
3467.554330581087,81,6,7,20,3467.554330581087,1,7553.554330581087,3,1.9105917862418134,0
509.72047386076815,80,1,13,35,56.63560820675202,0,4259.720473860768,3,1.7812762320792437,0
3654.4399944775587,224,0,14,39,456.80499930969484,1,7074.439994477559,1,2.133398895619163,0
4791.61651739768,487,5,12,49,1197.90412934942,2,9446.61651739768,3,2.0264830035152754,0
4058.8421336480606,106,6,17,46,676.4736889413434,2,7868.842133648061,1,2.689503130864829,1
6708.420569439602,285,3,8,9,838.5525711799503,0,11300.420569439602,0,2.39423196745154,0
2317.726984671912,31,1,11,11,1158.863492335956,0,3826.726984671912,0,4.461154811709975,0
5023.682803468508,495,4,20,28,558.1869781631675,3,5205.682803468508,2,1.4015539428325465,0
2181.3500976675523,50,3,17,44,272.66876220844404,4,6917.350097667552,3,0.6476459276664325,0
1227.2889931766138,184,8,20,25,613.6444965883069,0,4649.288993176614,0,1.6284135904777244,0
170.06302837645435,148,1,1,50,24.29471833949348,4,4003.0630283764544,3,4.863005902573618,0
1621.3583980470469,668,2,5,32,270.22639967450783,3,5433.358398047047,2,4.96787103989353,0
189.81316542891068,452,1,18,57,47.45329135722767,2,727.8131654289107,1,0.2704099512956051,0
72.35062995804755,121,8,21,27,18.087657489511887,2,3934.3506299580476,0,4.302068710405299,0
3829.1575273363255,30,7,20,56,547.0225039051894,3,4063.1575273363255,4,3.0584494715096024,0
2792.2393217703125,352,4,19,42,1396.1196608851562,2,4971.239321770312,4,0.8025681722190886,0
362.6698624679351,326,5,7,52,40.29665138532612,0,1517.6698624679352,0,3.336089372498615,0
762.6119342583669,334,4,18,18,84.73465936204076,1,2493.611934258367,3,2.451939466109483,0
3209.0278034112985,356,4,11,38,1069.6759344704328,1,7478.027803411298,0,2.825928981476421,0
2913.8009062076862,409,9,19,22,323.7556562452985,4,3050.8009062076862,1,0.8807428822508049,0
4050.8567592936047,700,4,17,17,578.6938227562292,0,8976.856759293605,4,3.571825606487959,0
202.66578514987594,97,7,25,56,101.33289257493797,1,4266.665785149876,0,1.3261703107680936,1
240.96516260343088,88,6,21,51,34.42359465763298,0,2879.965162603431,4,2.6499538958146123,0
1017.3780189582878,357,5,9,20,169.56300315971464,2,3677.3780189582876,0,3.934988159305177,0
3629.4303739783536,440,0,6,20,725.8860747956708,0,7464.430373978354,1,4.002636763352442,0
204.57333214631865,156,3,19,33,29.224761735188377,1,3357.5733321463185,2,4.855730158183008,1
199.14622821568554,617,9,22,36,33.19103803594759,0,1967.1462282156856,2,0.8274202974593514,0
2261.4731428182326,473,9,11,50,565.3682857045582,1,4414.473142818233,0,1.9457779010979765,0
4245.683467612977,962,6,17,31,4245.683467612977,3,7682.683467612977,1,1.5322600130444792,0
3821.9031334052493,139,0,5,45,955.4757833513123,4,4669.903133405249,2,2.4276112442612234,0
735.0909343984939,150,4,15,28,91.88636679981174,4,3886.090934398494,4,3.5525120641858083,0
1932.4159480798241,193,1,20,58,322.0693246799707,3,2162.4159480798244,2,4.42975852541533,0
4196.606067861057,210,8,25,32,2098.3030339305287,4,9022.606067861057,1,2.934626446811579,0
5822.012857774232,73,2,5,53,646.8903175304702,1,7406.012857774232,3,0.36834433445904,0
1039.7427533827977,91,3,13,62,148.53467905468537,4,5900.742753382798,0,2.7180812735620394,0
600.3939387386954,238,5,19,54,100.06565645644923,0,4537.393938738695,4,3.8754477574942325,0
2484.13228609183,6,5,22,62,496.826457218366,3,3815.13228609183,2,0.3525360590102893,0
1024.8734517606267,384,2,8,46,341.6244839202089,2,4208.873451760626,2,3.4521471086358395,0
2049.2680363970485,324,1,1,7,256.15850454963106,0,4277.2680363970485,1,2.9439821482880895,0
3094.7769058470726,150,0,14,59,773.6942264617682,1,3724.7769058470726,2,2.7305619604214826,1
2527.7641949972913,37,3,22,34,315.9705243746614,1,6180.764194997291,3,4.62389067860298,0
6850.905013008416,431,6,22,27,978.7007161440595,4,8372.905013008416,2,2.3487594064413284,0
1735.7359679203046,41,1,12,52,867.8679839601523,4,5809.735967920305,3,0.517202090717009,0
5639.623145853594,60,2,8,12,626.6247939837326,3,5897.623145853594,2,2.733014852925153,1
2805.302345026396,295,6,17,24,561.0604690052792,3,6090.302345026395,2,2.138395989376585,0
566.542900029481,162,1,8,48,70.81786250368512,3,4634.542900029481,4,4.511182072358357,0
1595.350878989287,335,0,5,14,797.6754394946435,1,5670.350878989287,1,4.599597660392969,0
6292.66889817386,31,8,13,21,1573.167224543465,4,6662.66889817386,0,0.6560991777448746,0
119.32203323660802,198,7,23,43,119.32203323660802,4,2553.322033236608,0,1.2312967348012596,0
3105.2968065106625,434,4,20,59,443.6138295015232,3,3338.2968065106625,4,4.860573844273196,0
1178.6465595521004,343,0,18,24,392.8821865173668,0,5148.6465595521,1,4.589656016448103,0
8185.685402419932,24,8,12,35,1023.2106753024915,1,13177.685402419931,4,1.3965370735765978,0
5600.6544916237135,398,2,15,51,622.2949435137459,2,9797.654491623714,0,1.337847490015409,0
6652.812137253002,157,4,23,63,831.6015171566253,2,7257.812137253002,0,4.46205147157499,0
1178.2821403836988,477,6,6,29,168.3260200548141,1,1913.2821403836988,3,4.797726404483666,0
3109.105858739391,349,2,5,20,777.2764646848477,1,7984.105858739391,2,1.6784360451701559,0
2816.826881885251,247,3,3,32,402.4038402693216,0,5958.826881885251,1,2.5440399287678166,0
9853.8932168532,355,9,9,37,2463.4733042133,2,12341.8932168532,0,1.7674703551763493,0
1865.0451431920137,85,1,12,25,1865.0451431920137,1,5905.045143192014,2,3.138085171424551,0
7002.962904756381,553,5,13,30,1167.1604841260635,3,10488.962904756381,4,0.8995612605332709,0
1007.0805703168477,603,3,15,33,125.88507128960596,4,5113.080570316848,1,2.358385517763679,1
1999.531952802227,207,9,25,37,666.5106509340757,1,4862.531952802226,4,3.7368615379824646,0
5689.858126704535,276,8,25,35,711.2322658380668,3,7091.858126704535,1,3.15795966013358,0
1197.9631288405685,88,6,24,34,299.49078221014213,3,6185.963128840569,3,0.7757161749203093,0
3223.409459040093,158,7,18,62,3223.409459040093,2,7276.409459040093,1,0.9591399913326263,0
1622.9128544811724,80,7,10,27,231.84469349731035,3,3432.9128544811724,1,0.9749958502467735,0
385.2882836891257,517,5,8,43,192.64414184456285,4,4919.288283689126,4,0.3720712924680065,1
247.05318999884346,124,7,21,23,61.763297499710866,0,3043.0531899988437,2,0.1429472565935101,0
780.3857915070068,8,2,11,40,156.07715830140137,4,3583.3857915070066,0,4.161479155439214,0
447.56993179598413,1071,8,12,34,74.59498863266403,4,5332.569931795984,0,2.684391274210136,0
5699.4853652236725,250,7,18,57,1139.8970730447345,0,8096.4853652236725,2,0.9976490137304418,0
5854.336621048554,507,0,10,27,1951.4455403495178,1,6909.336621048554,4,2.0054487492112245,0
1451.0667253859456,45,3,5,11,483.68890846198184,3,5541.066725385946,2,3.5174965426211138,0
1509.1224336857354,270,9,21,67,215.5889190979622,1,4435.122433685736,4,3.104023977359761,0
2712.0967926421936,340,0,8,56,904.0322642140645,2,3671.0967926421936,3,3.4929831689218886,0
2074.9871110884364,22,4,22,46,296.42673015549093,1,5423.987111088436,2,3.8472142280366652,0
6959.928220306152,90,8,24,59,2319.976073435384,0,11205.928220306152,4,1.7232510145905426,0
251.4475094439735,295,0,18,26,31.430938680496688,2,2976.4475094439736,0,3.8220922043000405,0
2221.7873571228547,132,2,10,14,246.8652619025394,0,6981.787357122855,2,0.824717221684726,0
2712.736697277474,155,7,7,29,542.5473394554948,3,4681.736697277474,4,1.4474679663821908,0
2142.2794387539666,46,7,22,55,1071.1397193769833,0,4950.279438753967,3,0.2944982038619458,0
4447.482994366561,223,5,5,42,555.9353742958201,4,9193.48299436656,4,3.8372066999623167,0
857.1273310224511,357,2,18,55,428.56366551122557,4,2143.127331022451,2,1.6537411727338371,0
254.31553082853262,194,9,14,50,127.15776541426631,0,365.3155308285326,2,3.190826551474478,0
2254.458378167228,30,7,19,57,1127.229189083614,4,7245.458378167228,0,4.3190351175432475,0
8173.011479419143,181,3,6,22,4086.5057397095716,1,9052.011479419143,3,3.2716860353374155,0
804.0751058804217,241,4,16,22,114.86787226863167,0,933.0751058804217,0,1.8848819041141482,0
8638.424468247775,308,7,22,50,959.8249409164195,0,13632.424468247775,3,4.866843243159255,0
9324.98923909526,269,3,7,28,9324.98923909526,2,14209.98923909526,2,1.8613653218266226,0
1402.7941287414928,294,9,16,42,350.6985321853732,0,5993.794128741492,4,0.9359624359065135,0
3725.6351079968404,682,7,20,55,532.2335868566914,2,5764.635107996841,2,3.9198157687725663,0
5641.690126484079,459,1,8,43,805.9557323548685,0,8865.690126484078,3,3.8825975293976596,0
2825.5778405518467,690,3,17,62,403.6539772216924,3,4739.577840551847,2,2.1801248823355057,0
1690.9572919813934,303,7,25,44,422.73932299534835,3,6465.957291981394,0,4.377295096562242,0
4657.103211757761,284,3,8,22,517.4559124175289,1,7127.103211757761,4,2.8968049416737913,0
3648.6669000472625,145,4,21,65,1824.3334500236313,3,5658.666900047263,1,0.7133531113422727,1
1310.8817822902813,99,6,25,65,218.4802970483802,1,1613.8817822902813,0,4.3658052124106215,0
1874.476048834056,31,9,16,16,208.27511653711733,2,2134.476048834056,1,3.9608275063598244,0
5837.765375623114,135,9,21,70,5837.765375623114,3,8539.765375623114,1,3.0257345413769197,0
7016.703280294042,7,3,14,48,1002.3861828991488,1,7643.703280294042,0,0.16985890397546996,0
1232.6028271894206,164,2,2,16,246.52056543788413,3,5491.602827189421,2,2.120620031016584,0
5691.652875363787,79,6,9,40,632.4058750404207,1,10047.652875363787,0,4.8074388517211695,0
5536.201500745535,127,9,22,33,1384.0503751863837,4,8163.201500745535,1,0.1651281642189768,0
419.1107907332988,354,6,9,37,59.87297010475697,1,3522.110790733299,0,1.8975123101768991,0
3406.361975446452,52,3,19,56,486.62313934949316,2,6414.361975446453,3,2.2592441188401278,0
7286.9736184767,290,3,4,20,809.6637353863,2,10542.973618476699,3,1.5182532798340238,0
1507.967241482123,888,7,22,32,215.42389164030328,0,2841.967241482123,0,0.9239640846053168,0
4078.940549115358,528,1,12,30,1359.6468497051194,0,6697.9405491153575,3,4.050338259643617,0
4651.644802584509,255,3,5,11,516.8494225093899,0,5011.644802584509,1,4.534950923099776,0
5639.745699114209,545,3,12,25,1127.9491398228417,0,7035.745699114209,3,3.078172583392335,1
1824.8881474076215,250,6,11,30,456.2220368519054,4,5837.888147407622,4,1.2079343995432148,0
132.73024038573698,596,2,4,36,22.121706730956163,0,3921.730240385737,4,2.7093515251060665,0
240.44261328951515,306,5,19,61,240.44261328951515,3,854.4426132895152,3,4.733148936001513,0
1213.6631186136717,291,2,17,56,1213.6631186136717,2,5274.663118613672,3,4.259419933489317,0
13015.168303210798,427,9,21,56,3253.7920758026994,1,14831.168303210798,3,0.4191798206783085,1
6522.581310262796,100,6,16,47,3261.290655131398,3,9878.581310262796,1,1.131600127489296,0
7359.485515420444,71,1,2,17,919.9356894275555,3,12219.485515420445,0,2.8807373819563,0
1003.8199362627118,95,1,14,27,125.47749203283898,2,2795.819936262712,3,3.947598455130407,0
434.2072873471478,311,6,18,22,54.27591091839348,3,4633.207287347148,1,3.2967727926758705,0
7656.404622775616,558,3,11,31,3828.202311387808,3,12055.404622775615,0,1.5061577572807219,0
607.1682226891313,141,3,11,59,151.79205567228283,3,2217.168222689131,1,0.9229047619996592,0
1600.571070810033,464,0,14,41,228.653010115719,2,6081.571070810033,3,3.4039233097999864,1
2624.020642847044,349,5,21,57,291.5578492052271,4,5211.020642847045,1,2.2300790522892995,0
98.02744574544681,629,2,5,18,98.02744574544681,3,3631.027445745447,0,0.47686840929445495,0
7148.8067715846855,28,1,16,39,1787.2016928961714,2,11400.806771584685,2,0.34354719738662165,0
6275.226178868535,253,9,19,25,1045.8710298114224,2,8371.226178868535,2,0.5761486352705955,0
792.2957780281489,604,6,16,31,88.03286422534988,4,4782.295778028149,4,1.1621586181492594,0
2313.474917538098,469,1,11,53,771.1583058460327,0,6827.474917538098,4,2.129550262549356,0
1537.6706751643578,219,8,17,47,256.2784458607263,2,2746.670675164358,0,2.4265350804147476,0
507.3548626488615,593,0,1,5,101.4709725297723,4,951.3548626488615,3,3.74419285751522,0
1273.4225272289507,65,8,21,51,181.9175038898501,1,5167.4225272289505,3,3.1729077582253487,0
5481.221446792916,88,9,27,74,1370.305361698229,3,6624.221446792916,4,4.997883992173836,0
1205.7614359004324,271,5,10,24,241.1522871800865,1,4791.761435900433,0,3.398519089375536,0
249.94638985501578,261,7,15,56,124.97319492750789,4,1559.9463898550157,1,2.144931921753944,0
5419.205275094871,362,2,6,53,2709.6026375474353,0,7927.205275094871,4,4.348722249765371,0
7397.565158722302,200,3,15,30,1849.3912896805755,2,11738.565158722302,1,1.9809380816447892,0
5200.647494150081,537,7,24,44,577.8497215722313,4,6549.647494150081,3,4.033442205801204,1
1114.7290710019518,352,3,15,43,371.5763570006506,4,6071.7290710019515,4,1.5405958623165972,0
125.8660418019555,267,7,14,50,62.93302090097775,1,247.8660418019555,3,3.2401927551981107,0
1371.8814315742748,470,8,20,56,195.98306165346781,2,6042.881431574275,4,4.541417421140785,0
4879.444819963423,164,1,11,17,2439.7224099817113,1,5960.444819963423,2,1.0661352394951342,0
2818.2136868993634,162,8,24,47,563.6427373798726,0,3250.2136868993634,2,1.4290186762257457,0
2647.5259750906093,136,4,20,47,378.2179964415156,3,3338.5259750906093,4,0.3336434891829841,0
3519.371262930892,123,7,9,24,703.8742525861784,3,4664.371262930892,3,0.2805839368122628,0
5545.885158434494,206,5,13,56,792.2693083477849,2,7601.885158434494,3,4.316980806563892,0
3625.1261323921863,762,9,17,36,906.2815330980466,2,5310.126132392186,0,3.3032495301999774,1
2056.5833318616465,120,5,13,57,293.7976188373781,2,6445.583331861646,0,0.81888719019559,0
31.306526046451555,306,8,17,65,4.4723608637787935,0,1048.3065260464516,4,2.0607614470504996,0
1152.264000012712,327,2,18,27,288.066000003178,0,1309.264000012712,0,4.315550173873682,0
1815.1287838411438,231,9,20,22,363.02575676822875,2,2356.1287838411436,0,1.7550798284770808,0
4877.258287296947,535,5,18,18,4877.258287296947,2,7039.258287296947,2,4.3315165811510346,1
149.22199994922764,610,1,4,12,16.58022221658085,1,3566.2219999492277,4,0.6119620440417173,0
312.9999821449312,153,1,17,64,156.4999910724656,2,2774.999982144931,0,0.9411464589431479,0
76.99364075415541,624,7,7,43,76.99364075415541,3,4749.993640754155,0,2.547351972851322,0
6119.87804011332,164,4,13,41,6119.87804011332,1,10386.878040113319,2,3.7703955137331935,0
4358.136008320074,500,0,18,20,484.237334257786,1,4879.136008320074,2,1.1429623993082356,0
1119.5623629375646,272,0,7,47,186.59372715626077,3,3877.5623629375646,3,3.2306227247378048,0
12032.077506877746,21,7,15,59,12032.077506877746,4,13214.077506877746,0,0.5893287758215011,1
1492.8347090596164,75,2,6,50,373.2086772649041,0,4387.834709059616,1,3.0682796265427954,0
3320.030641231414,254,8,14,16,830.0076603078535,2,5339.030641231414,1,2.141800189357863,0
235.0103824973225,533,9,19,56,58.752595624330624,4,1530.0103824973226,0,3.5192738957506164,0
1646.9343128417065,1175,3,19,39,329.3868625683413,1,2791.9343128417067,4,2.204916416700119,0
8373.165283263557,640,9,17,35,1196.166469037651,3,13116.165283263557,1,0.4167595955557506,0
3893.0436495232593,305,8,8,29,486.6304561904074,1,5018.043649523259,3,4.631115533754132,0
1242.2675520869545,366,0,0,30,621.1337760434773,4,4765.267552086954,3,4.615844442960643,0
